concurrency,input_sequence_length_avg,output_sequence_length_avg,time_to_first_token_avg,time_to_first_token_min,time_to_first_token_max,time_to_first_token_p50,time_to_first_token_p90,time_to_first_token_p95,time_to_first_token_p99,time_to_first_token_std,inter_token_latency_avg,inter_token_latency_min,inter_token_latency_max,inter_token_latency_p50,inter_token_latency_p90,inter_token_latency_p95,inter_token_latency_p99,inter_token_latency_std,request_latency_avg,request_latency_min,request_latency_max,request_latency_p50,request_latency_p90,request_latency_p95,request_latency_p99,request_latency_std,request_throughput_avg,output_token_throughput_avg,output_token_throughput_per_user_avg,output_token_throughput_per_user_min,output_token_throughput_per_user_max,output_token_throughput_per_user_p50,output_token_throughput_per_user_p90,output_token_throughput_per_user_p95,output_token_throughput_per_user_p99,output_token_throughput_per_user_std,input_config_subcommand,input_config_template_filename,input_config_verbose,input_sequence_length_max,input_sequence_length_min,input_sequence_length_p50,input_sequence_length_p90,input_sequence_length_p95,input_sequence_length_p99,input_sequence_length_std,output_sequence_length_max,output_sequence_length_min,output_sequence_length_p50,output_sequence_length_p90,output_sequence_length_p95,output_sequence_length_p99,output_sequence_length_std,request_count_avg,time_to_second_token_avg,time_to_second_token_max,time_to_second_token_min,time_to_second_token_p50,time_to_second_token_p90,time_to_second_token_p95,time_to_second_token_p99,time_to_second_token_std
1,5001.0,99.0,896.3793895,854.0040769999999,938.754702,896.3793895,930.2796394999999,934.51717075,937.9071957499999,42.3753125,6.865717,6.861826,6.8696079999999995,6.865717,6.868829799999999,6.8692189,6.869530179999999,0.003891,1569.219642,1526.463021,1611.976263,1569.219642,1603.4249387999998,1607.7006009,1611.1211305799998,42.756620999999996,0.6357387392527679,62.93813518602402,145.6512584456524,145.5687136733275,145.73380321797725,145.6512584456524,145.7172942635123,145.72554874074476,145.73215232253077,0.08254477232488,profile,genai_perf_config.yaml,False,5001.0,5001.0,5001.0,5001.0,5001.0,5001.0,0.0,99.0,99.0,99.0,99.0,99.0,99.0,0.0,2.0,5.6697014999999995,5.711078,5.628324999999999,5.6697014999999995,5.7028027,5.706940349999999,5.710250469999999,0.0413765
11,5000.136363636364,99.0,384.7558053181818,126.20737299999999,1197.411061,232.3550885,1037.2927474000005,1057.7865651,1168.09165375,337.0966222183497,9.767927727272726,6.888382,14.691802,9.346853,12.614700699999998,13.421800149999997,14.434021959999999,2.149987856915268,1342.0127205909089,812.18399,2294.059273,1125.0269429999998,2293.9875141999996,2294.0357612,2294.05470256,488.86216685885165,6.698210610788879,663.1228504680989,107.19764367611874,68.0651699498809,145.17197216995226,107.02169400567854,139.91110562880408,141.7929050260665,144.47916904706585,22.452745537613545,profile,genai_perf_config.yaml,False,5001.0,5000.0,5000.0,5000.9,5001.0,5001.0,0.34317429251230674,99.0,99.0,99.0,99.0,99.0,99.0,0.0,22.0,87.34880204545455,427.46256999999997,6.848805,8.826452999999999,220.96430340000006,355.76297949999986,413.86238955999994,122.04153345974306
21,5000.071428571428,98.97619047619048,385.7020518333333,42.127843,629.7732599999999,398.900688,608.5737666999999,622.5633882,629.36321736,156.2569981645262,12.1811615,8.733226,16.703609999999998,12.5400545,15.880898699999998,16.628754749999995,16.70094377,2.5598699048060665,1579.0072034999998,1272.843169,1781.081526,1612.645268,1773.50278,1778.26215835,1780.97586941,198.91844445316514,12.843719296343627,1271.22240749763,85.8705005042709,59.86729814692752,114.50522407183783,79.74447028515104,112.10072510630343,114.0542103141838,114.3911929832522,18.26635527344481,profile,genai_perf_config.yaml,False,5001.0,5000.0,5000.0,5000.0,5000.95,5001.0,0.25753937681885636,100.0,97.0,99.0,99.0,99.0,99.59,0.3442102927333562,42.0,148.9875305238095,502.207808,7.287571,94.23268449999999,358.75983029999986,482.53275244999975,500.2407866699999,151.84707119666112
31,5000.064516129032,99.0,431.90798022580645,130.836644,861.4741349999999,403.19077899999996,739.8545541,793.7268238999999,851.20919408,186.40265169915966,14.26275135483871,8.955998,23.783032,12.823601,19.886105899999997,21.718756499999994,22.791728929999998,4.313236700375792,1829.5767676774194,1260.82861,2490.9304669999997,1727.3949289999998,2490.1691468,2490.3011118,2490.6198562199997,474.97475559342456,15.79609587424289,1563.8134915500461,76.58133094457625,42.04678360605999,111.65701466212923,78.05794158011156,100.78748183013629,106.5995419298995,111.65226944389171,21.84500217823034,profile,genai_perf_config.yaml,False,5001.0,5000.0,5000.0,5000.0,5000.95,5001.0,0.24567010018915836,100.0,98.0,99.0,99.0,99.0,100.0,0.254000254000381,62.0,172.97396020967741,748.364065,8.093468,112.2308185,444.9489605,545.765841,684.7571214200001,190.2481390335386
41,5000.0609756097565,99.0,546.6176134390245,42.004107999999995,1124.781297,527.615041,938.6283664000005,1012.9055167999999,1037.2142527799997,259.57304367719024,15.856373524390243,8.644259,31.250314999999997,14.151669,23.931516000000006,27.29157585,29.678015089999995,5.744067921881523,2100.542217378049,1119.360708,3229.2605249999997,1869.076873,3196.3870825,3228.7915456999995,3229.12807218,632.8254086205051,17.70733765841951,1753.0264281835318,70.81578812090564,31.99967744325137,115.68371563138032,70.66304335951003,100.67393043385547,105.52423278034657,112.40847711145885,22.571672558743266,profile,genai_perf_config.yaml,False,5001.0,5000.0,5000.0,5000.0,5000.95,5001.0,0.2392855715896169,99.0,99.0,99.0,99.0,99.0,99.0,0.0,82.0,263.16649618292683,944.3577389999999,9.817285,231.8245135,625.2015915,721.3022395,900.5563361399999,241.86419703734646
51,5000.068627450981,98.99019607843137,334.1859493431372,40.508731,771.6614639999999,385.1966745,540.3942461,627.0439875499999,757.6319186199997,188.59932268188257,18.55336193137255,10.492204,29.93066,18.534919,25.6882761,28.85687685,28.8639736,5.494114294006345,2152.2603507058825,1269.355877,3001.31905,2229.926005,2980.6764749,3000.7086200999997,3001.23549746,581.9739031527567,22.017044387849577,2179.471541020757,59.03805839687185,33.41055626571549,95.30885979723612,53.952218517392296,82.9791300022443,87.555967588973,92.6952042955424,17.919645459363164,profile,genai_perf_config.yaml,False,5001.0,5000.0,5000.0,5000.0,5001.0,5001.0,0.25281954820054164,99.0,98.0,99.0,99.0,99.0,99.0,0.09852819236393032,102.0,183.89813937254902,738.013278,8.707892,105.03643849999999,494.5678678,632.5995501499999,633.06878476,199.2929807464875
61,5000.065573770492,99.0,290.29251555737704,34.637792,742.265534,271.89329299999997,516.8243397,611.7342965499998,742.0114300299999,176.01217174687787,16.2873238852459,10.379622999999999,24.950857,15.116074999999999,21.2759479,22.419434599999985,23.431224149999995,3.535942951764508,1886.4339530245902,1170.2637519999998,2525.795268,1862.8126685,2456.7226314,2525.17878505,2525.6835896,368.42198689809317,29.03933100129923,2874.8937691286237,64.29302061719366,40.078783666629164,96.3426128290016,66.15952495194576,81.6558899946679,86.81964002358396,96.06063798084725,13.634427841989423,profile,genai_perf_config.yaml,False,5001.0,5000.0,5000.0,5000.0,5001.0,5001.0,0.24753555525477866,100.0,98.0,99.0,99.0,99.0,99.78999999999999,0.18107149208503706,122.0,171.64985582786883,743.928995,7.988639999999999,94.34096699999999,503.83477810000005,505.91559255,599.3648303299996,186.5891404965492
71,5000.056338028169,98.99295774647888,284.6839511056338,35.757793,529.235271,252.17402249999998,449.5878833,471.44884205,523.42167787,129.23233385964048,16.661707183098592,11.512262999999999,24.641088,16.3509775,22.381261,24.25332285,24.446152429999998,3.7303494769519854,1917.4736475070422,1275.2632389999999,2483.732821,1859.526989,2422.3035376999997,2482.9816269999997,2483.58974964,369.68527677048354,33.77471157097976,3343.45859544551,62.95457496809269,40.58262362441139,86.86389461394342,61.15842309937753,79.99534100886977,86.580541461328,86.86155238078791,13.401121297429443,profile,genai_perf_config.yaml,False,5001.0,5000.0,5000.0,5000.0,5000.95,5001.0,0.2305733175175338,100.0,98.0,99.0,99.0,99.0,99.0,0.14517977554991765,142.0,129.89985496478872,534.988125,8.054463,55.751296499999995,374.6444558,497.88700244999995,516.4493911999999,153.58574449016052
81,5000.055555555556,98.96913580246914,231.35526837037034,38.742436,850.0000289999999,162.143837,417.4087365,702.90832225,795.5970886299988,183.38301390717848,16.328213567901233,11.653832,26.469842999999997,14.389996,23.406906199999998,23.4140381,25.40536795,3.911596978793638,1831.0326700246912,1222.866139,2667.5292289999998,1702.1659029999998,2608.0491634,2664.9497797499994,2667.1191446199996,449.424248997418,38.79710497573714,3839.7159510863803,64.42245957597657,37.77884137809204,85.80868507457461,69.49272265227754,83.00404150404161,83.92605656530517,85.79307270965788,13.548418804506687,profile,genai_perf_config.yaml,False,5001.0,5000.0,5000.0,5000.0,5000.95,5001.0,0.2290614236454256,100.0,96.0,99.0,99.0,99.0,99.0,0.28159246241869246,162.0,201.23132619753085,852.222935,8.450192999999999,59.8413475,552.6513662,729.1476676499999,748.42596513,252.68122604998482
91,5000.054945054945,99.0,323.07222276373625,36.798497,883.579574,220.681447,771.2133343999999,811.5586978499999,883.44059035,244.89152353663766,16.773193956043958,13.287253,23.046298999999998,15.4177965,22.661809899999998,22.84752875,22.89843659,3.0716725842453454,1966.8452313516482,1487.463178,2337.372317,1959.0808955,2329.0952033,2335.9438921999995,2337.19861568,275.89611838849135,42.15219481186201,4173.067286374338,61.49945225842972,43.39091495775526,75.26010078983218,64.86864879795468,74.573274200479,74.60327434022462,74.99763517291441,10.384734256180636,profile,genai_perf_config.yaml,False,5001.0,5000.0,5000.0,5000.0,5000.95,5001.0,0.2278729819047002,99.0,99.0,99.0,99.0,99.0,99.0,0.0,182.0,235.97595875274726,894.302293,7.630135999999999,116.91528849999999,740.8797705,774.7240970999998,876.53858239,273.3349049003932
101,5000.059405940594,98.9950495049505,424.0162349405941,42.081295999999995,1243.772228,361.2183885,856.8476655,923.90379015,1133.1719305999998,293.3623398223983,19.27421426732673,13.541117999999999,31.308242999999997,18.4718785,24.852124399999997,28.1086437,30.18374819,4.010800445948342,2312.798256242574,1607.238291,3137.3945719999997,2358.4358804999997,3072.5506566,3073.7630867,3137.1536162800003,448.87101703776807,40.80539982736403,4039.5325759792004,53.89060254598317,31.940470118364676,73.84914598632108,54.136345691762344,67.10430078762663,69.32317944538316,73.83776800250799,9.944611907805763,profile,genai_perf_config.yaml,False,5001.0,5000.0,5000.0,5000.0,5001.0,5001.0,0.23638289873887766,99.0,98.0,99.0,99.0,99.0,99.0,0.07018538058791003,202.0,264.2782102524753,1256.208537,8.410810999999999,127.3643415,869.5477202999999,941.7770621,1145.42180366,323.9567208855042
111,5000.058558558559,98.99549549549549,398.72986755405407,43.382331,1120.748636,324.384236,738.6158967,1060.1649269,1107.2197777199995,285.8378361454184,21.402711963963963,11.029479,37.300536,20.972706,28.853590999999998,32.9571324,35.49796002,5.31650502558534,2496.101923027027,1607.424992,3725.8513169999997,2344.3094929999997,3661.4374135,3662.76152435,3725.36214467,595.7894681662325,39.4366654320154,3904.052235132444,49.574507492945806,26.809266226093907,90.66611396603592,47.681019368379594,67.58278099973508,68.13140674959149,90.38755024544464,12.281719260474176,profile,genai_perf_config.yaml,False,5001.0,5000.0,5000.0,5000.0,5001.0,5001.0,0.23479662216075947,100.0,98.0,99.0,99.0,99.0,99.0,0.11616033295700565,222.0,273.1535431216216,1132.747613,7.061560999999999,225.03516,707.0945879,786.91905345,955.61912395,275.26846250258814
121,5000.053719008264,98.99173553719008,519.0930365867769,38.178276,1219.124002,436.4700545,849.1546093,1100.7874582,1218.00353559,254.51324027534312,19.26479499586777,15.728646999999999,27.711729,19.3874155,22.0759593,23.5503596,27.710049339999998,2.5057886804383114,2406.8667822272723,2215.144456,2861.272224,2327.847561,2851.8052423,2859.3019416999996,2860.33378367,203.29514513721253,46.23073580283189,4576.460772283639,52.75728846587424,36.085803235157215,63.57825946503854,51.57985085893351,62.88799163860607,63.39748092575907,63.506767017095676,6.616604086875236,profile,genai_perf_config.yaml,False,5001.0,5000.0,5000.0,5000.0,5000.95,5001.0,0.22546236141659073,99.0,98.0,99.0,99.0,99.0,99.0,0.09053265413308528,242.0,337.6186257851239,1150.060708,13.903468,318.237215,638.8709962000001,742.7931904,1149.66026242,243.53075587063145
131,5000.053435114503,98.9885496183206,560.3041120572519,37.343599999999995,1281.336157,502.461148,1124.1260072,1201.7851877999997,1243.6936617899999,369.72650409562385,22.047171515267173,15.325130999999999,33.386542,21.0169565,28.372265,30.805414749999997,32.848920009999986,4.63520142776441,2720.6811410076334,1913.1933589999999,3309.3358289999996,2737.142523,3183.3628265999996,3303.7633942499992,3308.92153478,381.04998761125466,42.60887853929493,4217.791087467992,47.353857865256025,29.95218851955378,65.25229702767304,47.58062853622174,61.362295488095064,61.63677788908345,65.24734666927367,9.679653721303277,profile,genai_perf_config.yaml,False,5001.0,5000.0,5000.0,5000.0,5000.95,5001.0,0.22489953988788142,99.0,98.0,99.0,99.0,99.0,99.0,0.10639206003638439,262.0,435.88177820229004,1684.5651679999999,13.625916,213.16521949999998,1094.3759725999998,1297.5797297499998,1550.1400038799975,452.44476308396287
141,5000.053191489362,98.82978723404256,414.7828118794326,39.155682,1237.2568099999999,423.5037855,661.7831593999999,773.0425478,1169.59640105,244.45337990897104,21.436066539007093,15.053866999999999,33.355093,19.5943005,28.861314899999996,28.874432,31.575117399999996,5.123029387805811,2510.637219393617,1701.9921239999999,3321.1939949999996,2331.0372374999997,3243.558368,3251.1648557,3320.7821047499997,550.6181915181145,50.16456192803323,4957.752982036475,49.29289041336181,29.980429075703668,66.42811445059266,51.03647268699485,66.11166322189943,66.40304011377918,66.4243907881694,11.240771151470963,profile,genai_perf_config.yaml,False,5001.0,5000.0,5000.0,5000.0,5000.95,5001.0,0.22441513946520197,99.0,98.0,99.0,99.0,99.0,99.0,0.3758196113330998,282.0,258.37654769858153,1279.358724,5.46725,171.6720895,713.8064741,716.23327275,921.97261824,269.7741446014718
151,5000.056291390729,98.98675496688742,516.9304471523178,54.534054,1269.785346,449.27987199999995,1100.5707268000033,1117.1388043,1147.00364639,328.38186063316203,24.461032543046358,18.82538,33.498179,24.4880955,29.3437671,30.23233035,32.39677327,3.549536549873247,2913.7756946390728,2386.771577,3390.840073,2921.2179539999997,3325.0329266,3359.3657194499997,3390.40705682,324.5064181614395,49.867026947195875,4936.17517734925,41.743259869219735,29.852368989968078,53.11977766185862,40.8361687420951,49.757136908025046,52.77123148562428,53.01544427814967,6.009903550612693,profile,genai_perf_config.yaml,False,5001.0,5000.0,5000.0,5000.0,5001.0,5001.0,0.23048355702377293,99.0,98.0,99.0,99.0,99.0,99.0,0.11432236093796073,302.0,327.090449321192,1198.263463,2.976908,246.87343099999998,751.3057757999999,831.8864163999999,1043.20489497,300.48160840137706
161,5000.055900621118,98.9968944099379,527.429318484472,34.953661,1426.659029,430.964888,1045.3268484,1156.9906434,1337.28238442,347.0120274709231,26.58912770186335,16.360077,38.814265,26.8560625,34.1320317,36.1686736,36.86239886,5.376496193964372,3133.0850952360247,1887.371167,3855.7757039999997,3120.9322564999998,3720.4817600999995,3846.1103599499997,3849.3162307499997,550.2113812698229,45.179272997563,4472.6077184575015,39.241236824992264,25.763723723739197,61.124406688305925,37.23557140530672,51.5389271227934,55.71483436254965,56.72349857940957,8.272834039855098,profile,genai_perf_config.yaml,False,5001.0,5000.0,5000.0,5000.0,5001.0,5001.0,0.22972971439635934,100.0,98.0,99.0,99.0,99.0,99.0,0.09647344451558425,322.0,309.25376450931674,1161.2948059999999,6.8063649999999996,145.77768,784.4267242999999,959.9618932,1155.4479227400004,318.81595634265335
171,5000.0526315789475,98.98830409356725,692.0218837368421,29.266204,1919.722761,574.498727,1480.599412,1685.807946,1904.838994729999,462.178242896537,29.36275188596491,14.095303999999999,56.470459999999996,27.626769,45.7523413,49.9845554,54.62882636,10.445814016840938,3569.2220138830407,1954.195845,5675.848234,3334.9607459999997,5475.9888075,5520.522591,5675.30206818,1129.8521179204708,41.45346108727469,4103.407811838004,38.48418669770267,17.70837354609826,70.9456142272632,36.19677758410987,56.84417286404399,64.00537831556831,70.93173256229277,13.272658407666757,profile,genai_perf_config.yaml,False,5001.0,5000.0,5000.0,5000.0,5000.95,5001.0,0.22329687826943603,99.0,96.0,99.0,99.0,99.0,99.0,0.170595931529998,342.0,474.97256204093566,2005.42115,4.46913,254.58612349999999,1372.0419892999998,1576.3080438,1826.7969667799998,511.93710613237727
181,5000.052486187846,98.98066298342542,600.8320104254143,44.973343,1970.970408,421.55166349999996,1452.7011949999999,1700.0415532,1859.06040241,497.4991603363102,30.14425829558011,15.009782999999999,51.363586999999995,29.85148,43.2320736,46.26113294999998,49.26749067,9.205140135823685,3554.4076379392263,1637.3619939999999,5339.580626999999,3544.0040265,5246.6839055,5336.88792535,5338.656428699999,1090.6182863104125,44.282620157686644,4383.1231018510225,36.65102441256589,19.469045259631105,66.62321500583985,33.49917659306171,54.80490242698098,54.90189738849043,66.61777561737391,12.018901745496262,profile,genai_perf_config.yaml,False,5001.0,5000.0,5000.0,5000.0,5000.95,5001.0,0.2230053540405955,99.0,98.0,99.0,99.0,99.0,99.0,0.1377065589018179,362.0,354.87812504419884,1779.8241019999998,6.626321,102.234235,1213.8845312,1466.071004749999,1576.51705289,466.4821446176525
191,5000.052356020942,98.99476439790575,682.1686167408377,38.793172,1923.770114,503.6826185,1510.9621100999998,1734.62766575,1919.95490974,515.5703933661499,30.59925544764398,18.307337999999998,52.980897999999996,30.397007,39.1916818,43.69916475,51.84132974,7.449234638716415,3680.7433387146593,2175.976294,5288.048365,3654.337479,5195.779968,5230.814988749999,5286.04861269,865.5675295213806,48.92166475932579,4842.988676802785,34.67214270639395,18.874727264909705,54.62290585337967,32.89797577945159,50.247485809372485,51.143246020779024,51.82488866224226,8.557994368015803,profile,genai_perf_config.yaml,False,5001.0,5000.0,5000.0,5000.0,5000.95,5001.0,0.22274395168777641,100.0,98.0,99.0,99.0,99.0,99.0,0.12521738998011936,382.0,489.05657097643973,1660.3383219999998,17.746866,421.14259799999996,1142.6570239,1192.6259329,1466.03254157,436.05145108581206
201,5000.054726368159,99.0,518.8480501169154,45.805602,1736.060785,363.268055,1231.4176527999998,1436.29032565,1732.49207114,425.143485613679,30.75148683333333,19.64347,46.701659,29.714064999999998,39.1721563,43.322398899999996,45.42680050999999,6.466250666309188,3532.4756815223877,2219.1041569999998,4742.140257,3448.757785,4646.368939399999,4684.2562121,4741.37046222,734.2134089938374,50.53066964216691,5002.536294574525,33.99256023810489,21.412515559672087,50.907502595009944,33.65409664151066,44.84431059885977,49.14948389038608,50.89960136146564,7.2193948404917645,profile,genai_perf_config.yaml,False,5001.0,5000.0,5000.0,5000.0,5001.0,5001.0,0.227445362202238,100.0,98.0,99.0,99.0,99.0,99.0,0.09975093361076329,402.0,449.2396190820895,1689.9849219999999,6.5297849999999995,194.968616,1244.3196661,1361.01640635,1565.25233166,471.50529826060745
211,5000.054502369669,99.0,703.6409226658767,38.158291999999996,1519.275746,665.4717224999999,1223.4056734000003,1359.2763477499996,1427.6618805399999,396.7188648301033,32.13067592180095,19.753958,45.524719,31.517916,42.7612487,44.1303815,45.174389390000016,7.228719996385715,3852.4395868649285,3067.4756119999997,4630.771328,3783.9732695,4495.2317933,4619.33471545,4623.76199387,546.9874970729212,50.447897467621715,4994.34184929455,32.8343070498131,21.96608835740425,50.62276633371398,31.727986076556164,42.835168201855026,50.3709434369971,50.617408282026354,7.808585599255611,profile,genai_perf_config.yaml,False,5001.0,5000.0,5000.0,5000.0,5001.0,5001.0,0.22700630248694034,100.0,98.0,99.0,99.0,99.0,99.0,0.13768567816430285,422.0,472.2920905308057,1429.753956,6.667202,352.65934849999996,1139.5473621000006,1168.5411559000001,1345.6862075499998,412.9512641007926
221,5000.052036199095,98.99095022624434,736.2697254072398,51.227669999999996,1987.6962159999998,603.360863,1514.9754606,1793.207031149999,1939.8225405599997,491.13391255247296,35.82447888461538,19.264699999999998,53.833079,34.242602999999995,47.927827000000015,49.986991950000004,52.75685438,8.470703093025952,4246.78245619457,3077.866622,5352.887177,3928.8959075,5287.525642399999,5320.59243505,5351.44088534,767.7601878901596,48.157598735914895,4767.166459482399,29.6244771846017,18.575939154436995,51.908412796461924,29.20338795369849,41.9116087619619,44.09907354099747,50.11809688018954,7.501386505126441,profile,genai_perf_config.yaml,False,5001.0,5000.0,5000.0,5000.0,5000.95,5001.0,0.22210005195579263,100.0,98.0,99.0,99.0,99.0,99.0,0.11615834980084555,442.0,674.4579600135747,1745.942669,10.317556999999999,592.208767,1419.802857,1561.52311095,1741.06859866,523.6133886661826
231,5000.051948051948,99.0,723.7633637186146,33.14794,2445.293969,554.0597905,1378.1644211999999,1827.0267889499999,2306.1246649399977,505.4169583535573,34.419598134199134,12.735923999999999,69.967567,31.0998205,55.2326486,59.32926785,68.89455679000001,13.435499723147595,4096.85988103896,1796.693022,7090.820051,3769.662771,6834.4673385,6867.745403149999,7089.9923618699995,1485.6890860553344,47.85980145675666,4738.120344218909,34.0435046097914,14.29233633349006,78.51805648337726,32.154526466126725,53.10990014905284,65.5406492617946,78.49024258308903,14.347657230417859,profile,genai_perf_config.yaml,False,5001.0,5000.0,5000.0,5000.0,5000.95,5001.0,0.2219221752030527,100.0,98.0,99.0,99.0,99.0,99.0,0.11396057645963795,462.0,519.208776430736,2527.061742,9.267939,331.68740049999997,1277.5985759,1482.9995812999998,2417.0867183899995,549.5274566130926
241,5000.051867219917,98.9045643153527,714.0051991307054,43.436769999999996,2487.24368,561.3837285,1468.9994183,1879.3923322,2484.55280464,550.2927929547163,35.09310630705394,16.635333,62.920140999999994,34.432244499999996,47.509914100000024,54.09849429999999,58.01584235,9.83430301199333,4148.163270224066,2213.280929,6248.384797,3882.6291914999997,6144.0687011,6171.799148,6245.64969202,1116.8573708933077,52.54022674223627,5196.468234970721,31.00236646517277,15.89316209574292,60.11301366795603,29.042544699844267,47.02491071322843,48.60940428042634,55.02856810014949,9.491201595695564,profile,genai_perf_config.yaml,False,5001.0,5000.0,5000.0,5000.0,5000.95,5001.0,0.22175890380116134,100.0,61.0,99.0,99.0,99.0,99.0,1.7377967870983728,482.0,536.0905640020746,2532.9093049999997,10.361911,282.989383,1451.4821785999998,1670.42209695,2048.63741288,566.0737515458579
251,5000.053784860558,98.99402390438247,964.5654406294819,48.152637999999996,2536.1397039999997,822.3817859999999,1968.5922176,2330.7538843999996,2501.5628373,625.1889792200802,39.52969220916334,25.711482999999998,63.302530999999995,38.9533225,51.23577579999999,53.8663744,59.69280843999999,8.135797143836992,4838.148671569721,3213.687402,6278.497699,4901.975929,6184.117070699999,6187.67732035,6276.1209526699995,882.8440159116411,49.378484183836925,4888.174843656924,26.39840241436756,15.797156672929871,38.893128023770544,25.671751108827486,34.160941381690115,36.787174257888836,38.87246160372433,5.5115615385373316,profile,genai_perf_config.yaml,False,5001.0,5000.0,5000.0,5000.0,5001.0,5001.0,0.22559266240848855,102.0,98.0,99.0,99.0,99.0,99.0,0.2230808891275072,502.0,885.3799239203187,2582.925795,25.867321,665.3251835,1950.356549500001,2227.3671176,2453.91941822,693.8686523722935
261,5000.053639846743,98.99808429118774,921.7380979636016,37.76745,2738.1492709999998,646.207424,2009.6438938,2262.46721235,2671.9232044,665.3777274028139,41.870085984674326,23.160978,72.023271,41.881077499999996,54.918383899999995,63.34325979999997,70.17367616,11.062319629682065,5024.885107279693,2955.900897,7228.208651999999,4741.0617255,7022.701992899999,7026.2408024,7226.1900848,1240.9980725858552,48.665153160949735,4817.7569346712635,25.63250315233584,13.884401334674179,43.17606968064993,23.87738104554427,36.14860934052594,39.140799027992585,41.217097270076735,6.895580014668813,profile,genai_perf_config.yaml,False,5001.0,5000.0,5000.0,5000.0,5001.0,5001.0,0.2253056004289526,100.0,98.0,99.0,99.0,99.0,99.0,0.13129245739985015,522.0,784.9044424501916,2801.470947,14.232992,545.3701689999999,1923.817304,2166.2706752,2621.12045658,671.5743148915864
271,5000.051660516605,98.99815498154982,1053.7558628782288,50.107153999999994,3049.608576,886.8815864999999,2071.3900006,2184.23935315,2801.7879459099995,725.6484585469289,40.60087521402213,20.628754999999998,64.273028,41.1163005,54.140424499999995,58.53726975,62.41567043999999,9.974277172795222,5032.5000681808115,4068.8054319999997,6477.15234,4678.241062,6251.9343259,6305.7344345,6471.92421562,902.4346733890267,50.11079014934292,4960.875769452569,26.344270702052775,15.558625929371184,48.47602291073795,24.321254404504998,37.117187347026096,41.26305391573463,48.4478966916094,7.350607544200516,profile,genai_perf_config.yaml,False,5001.0,5000.0,5000.0,5000.0,5000.95,5001.0,0.2213407048630085,101.0,98.0,99.0,99.0,99.0,99.0,0.12884782481120505,542.0,957.7307241476014,3126.81112,9.760655999999999,859.7460494999999,2040.5647852,2420.4622481999995,2945.18453146,783.0396664637747
281,5000.051601423487,98.99644128113879,885.8958533594305,28.524821,2376.322413,825.3084064999999,1722.7370475999999,1933.2891873499998,2323.4348463099996,544.2015897720848,40.344176508896794,13.324573,70.416417,40.1099355,57.6809312,62.0593417,66.22797150999999,13.23689151520148,4839.506917151245,1709.8181399999999,7076.751397999999,4343.0226425,6963.1761901,6968.159755899999,7074.68927741,1460.8884111782486,52.818672439637545,5228.860604718282,28.57068958358724,14.201233783309368,75.04930927242472,24.931478635775374,40.322068817210784,67.78590116679788,75.02029439539244,13.166235089776427,profile,genai_perf_config.yaml,False,5001.0,5000.0,5000.0,5000.0,5000.95,5001.0,0.22122096777114864,100.0,98.0,99.0,99.0,99.0,99.0,0.11925691160224941,562.0,728.6589910604982,2464.270833,6.523048999999999,656.5394114999999,1720.7424342,1966.58948275,2286.91764096,617.2702336582091
291,5000.051546391753,98.98625429553265,894.0978173986254,58.796431,2172.579593,798.4703035,1705.0695294,1878.2764183,2102.769781049995,561.3774975519065,40.87697297938144,26.356537,64.11636,41.555701,54.5818572,58.74932985,62.96944352,9.051955075806138,4899.3813971271475,3485.940772,6438.487698,4873.6901895,6238.4606459999995,6244.543802949999,6434.63404809,779.3673536434238,56.70675065051281,5613.188840165022,25.687696512895922,15.596643352804184,37.941251538470325,24.06408689869407,34.18357528279112,36.65572746941013,37.10596727083872,5.692548645725014,profile,genai_perf_config.yaml,False,5001.0,5000.0,5000.0,5000.0,5000.95,5001.0,0.22110938752089915,100.0,98.0,99.0,99.0,99.0,99.0,0.15448636971126475,582.0,825.3039635910652,2288.038271,15.309422,666.7336705,1761.2851057999999,1961.2964513,2175.66804737,625.6791657192292
301,5000.053156146179,98.99667774086379,999.0216529003321,26.045847,2396.229163,941.4990254999999,1899.0711615,2133.4745256499996,2346.02383733,686.6153926453708,44.11629449003322,6.882599,69.718346,43.208023999999995,60.274247499999966,62.2564391,67.36256765,11.083031188263682,5322.218959431893,700.540582,6903.245129,5055.938705,6792.3084635,6797.3126537,6898.2007081,983.8130738044725,48.547006592170284,4805.992366888671,24.392268996975215,14.343426908033647,145.29395072994956,23.14384980685965,34.00835257240044,36.21681577270003,42.37305655598197,8.163482213809564,profile,genai_perf_config.yaml,False,5001.0,5000.0,5000.0,5000.0,5001.0,5001.0,0.22434475768949014,100.0,97.0,99.0,99.0,99.0,99.0,0.15246237748284075,602.0,850.9231675830564,2459.3829579999997,4.099677,700.4625854999999,1992.1478824,2102.6281858499997,2420.25366366,730.0459366866261
311,5000.0530546623795,98.99839228295819,969.9787473681671,28.985201,3232.21225,853.7083514999999,2183.601801199999,2809.11054285,3055.0661156299984,764.0116336213057,40.06106906591639,6.865645,81.56308,36.002027999999996,64.47791439999995,70.87188915,79.23522251,15.971620034492856,4895.599368625401,701.818421,8092.176748,4518.4930525,7965.3418457,7971.0748502999995,8089.2528426,1800.5005668842628,49.37209647616997,4887.758174779933,29.491614225657937,12.260449213050807,145.6527391089985,27.776213052374644,47.33434819712327,48.703285547680984,63.40291757253623,13.688925536126991,profile,genai_perf_config.yaml,False,5001.0,5000.0,5000.0,5000.0,5001.0,5001.0,0.224142510870265,101.0,97.0,99.0,99.0,99.0,99.0,0.17476852989061192,622.0,738.6898283279743,3301.0820009999998,5.6440459999999995,453.17053649999997,1851.3045117999998,2254.79622005,3070.2139768899997,775.5972383770653
321,5000.051401869159,98.99532710280374,982.9294231152647,25.756769,2866.7441369999997,914.4590205,2185.7665309999998,2410.5931934,2820.0826757399996,733.5296385772298,44.9592753224299,6.987852999999999,71.913662,44.6069445,63.2749616,66.6525839,71.29836524000004,12.595298166935875,5388.798922222741,710.566394,7188.547439,5384.9682809999995,7009.8522662,7015.19770345,7186.2075184899995,1299.434936916005,48.70488654862843,4821.556175386418,25.48792614290274,13.905563590962728,143.10547173788575,22.418034066665562,32.273212729978404,34.519250765739756,123.76184279562527,15.622640627698217,profile,genai_perf_config.yaml,False,5001.0,5000.0,5000.0,5000.0,5000.95,5001.0,0.22081602524692823,100.0,98.0,99.0,99.0,99.0,99.0,0.11830830748759032,642.0,863.1045995109034,2932.924087,0.437535,584.485715,2169.0833421999996,2453.2435306999982,2869.3051437100034,830.3121156389749
331,5000.051359516617,98.98489425981873,1217.8477766586102,25.018618,2882.640899,1217.163683,2372.1862121,2591.3865151,2878.7169825399997,804.9936440886422,43.46583804380665,7.553134,63.779844,44.9855525,56.4999575,59.6627776,63.10719649,11.559196602778163,5476.700394702417,779.910573,6436.1212669999995,5544.125879,6317.326975999999,6395.6967503,6415.39862534,1074.602904204044,49.97791793641789,4947.058922262223,26.756209038657676,15.678934554935568,132.39537389380354,22.229359917175614,33.68484219235063,34.23398874143824,112.19062872834009,17.365225377227482,profile,genai_perf_config.yaml,False,5001.0,5000.0,5000.0,5000.0,5000.95,5001.0,0.2207299632339315,99.0,97.0,99.0,99.0,99.0,99.0,0.14463696922762326,662.0,927.6576527296072,2845.428396,6.024315,802.5450515,2027.6299329,2233.1450812499997,2636.4567727099998,799.0354312392609
341,5000.051319648094,98.99413489736071,1051.8102053900293,26.94897,2611.200747,1006.990965,2181.7945136999997,2349.3344446499955,2570.53447105,743.5958078947692,43.82243936803519,8.236936,72.142471,45.811986999999995,64.2107566,66.82484025,70.14840801999993,15.089501566287739,5346.213570494135,839.924722,7236.375096,5222.42171,7135.5399346,7141.42523295,7232.714656189999,1709.8958117048596,50.84695469364478,5033.5502920626595,28.62544641322343,13.861460331737181,121.40436686651444,21.828348115025015,62.311270768763904,64.89560298065888,113.26205295181441,20.046485704699347,profile,genai_perf_config.yaml,False,5001.0,5000.0,5000.0,5000.0,5000.95,5001.0,0.22064891074593118,100.0,98.0,99.0,99.0,99.0,99.0,0.1081471490591541,682.0,842.4013611275659,2571.447386,4.22969,712.7117545,1952.9139972,2178.7807154999996,2457.1284802999994,761.6247161669007
351,5000.052706552707,99.0,1134.7444407777775,32.170480999999995,2977.155276,981.6403095,2385.0730394,2591.48188365,2974.5737310100003,790.2695712792383,44.567390193732194,9.160079999999999,75.27071,45.662579,59.7223804,66.91120045,72.98419065,13.22687358185467,5502.382670854701,1048.793864,7470.59638,5778.938250499999,7306.109732399999,7349.6761486000005,7466.02142601,1412.2885446235737,50.094355447986416,4959.341189350655,26.368224462453725,13.285380196360576,109.1693522327316,21.89977048835421,31.41389513299524,70.91448073838995,95.78398872236522,16.049730638354223,profile,genai_perf_config.yaml,False,5001.0,5000.0,5000.0,5000.0,5001.0,5001.0,0.2234470228227355,100.0,98.0,99.0,99.0,99.0,99.0,0.1307440900921227,702.0,1000.5931656680912,3085.384716,7.232495999999999,874.6732814999999,2318.5374945,2648.547869299991,2860.4562251999996,855.854130797858
361,5000.0526315789475,99.00277008310249,1170.295849163435,35.815176,3626.546915,1008.626904,2588.8986953999997,3110.1376098,3498.39551377,914.5463803927346,44.783379581717455,10.054473999999999,72.810037,44.140212999999996,61.285571899999994,64.47433195,68.78490065,13.01903260952332,5559.090966437673,1023.997933,7306.421861999999,6230.7186605,7196.3912783,7201.5547277,7303.63819618,1545.8190557013174,50.92589179246424,5041.804356406294,26.240558957609252,13.734370166574701,99.45821133954894,22.655078733931244,31.578924654146686,69.3959666932191,96.1707232040087,15.771787639707956,profile,genai_perf_config.yaml,False,5001.0,5000.0,5000.0,5000.0,5001.0,5001.0,0.22329687826943603,101.0,97.0,99.0,99.0,99.0,99.0,0.12889074929785976,722.0,1116.9757224210528,3648.5943239999997,4.217173,991.8367025,2797.2733881999998,2995.76446465,3253.57681832,1006.1746204674462
371,5000.051212938005,98.99191374663073,867.0230702547169,34.214375,2652.960595,770.0267335,1788.6462385,2282.5934915499993,2591.56930111,633.8301891144108,45.30105504447439,9.110368,70.228161,46.514927,63.5764706,65.97109575,68.17694019,14.17577655883136,5306.079252641509,979.2894809999999,7066.460493,5272.8599269999995,6947.3508371,6952.8948682499995,7060.852663229999,1525.9364325282052,54.37170405750878,5382.359038318241,26.769160531128016,14.239302094212606,109.76505010555006,21.498475107128698,33.62143541563483,75.75098685640795,104.14872465839132,17.838704374978327,profile,genai_perf_config.yaml,False,5001.0,5000.0,5000.0,5000.0,5000.95,5001.0,0.22043178760389082,100.0,98.0,99.0,99.0,99.0,99.0,0.13712234330972403,742.0,906.8523357196765,2728.801282,6.4858139999999995,775.3477029999999,2027.9890563,2214.86353405,2721.51149749,813.8475571642139
381,5000.0511811023625,98.99212598425197,1371.5608653123359,29.762449,7432.498084,1246.297896,2661.8284894999997,3063.0832087499994,3669.06958224,1046.7230938104785,47.56291076246719,10.140016,76.614429,48.947841999999994,66.6771967,68.2622964,72.58011251999999,15.84969654304027,6032.366830673228,1242.068877,12020.494772,6555.522957499999,7552.5287277,7560.039840899999,7681.40334008,1769.4091945313317,48.65354391269991,4816.317748586325,25.868859213792707,13.052371636157467,98.61917377645163,20.429910187891636,47.98987526306375,75.67223461357136,89.77041174082025,16.85363778210873,profile,genai_perf_config.yaml,False,5001.0,5000.0,5000.0,5000.0,5000.95,5001.0,0.2203669601441973,100.0,98.0,99.0,99.0,99.0,99.0,0.12524388756367613,762.0,1319.5031853503938,3797.2581229999996,5.488766,1109.232774,2949.8506134,3221.509470499997,3673.0024630799994,1127.9575900710424
391,5000.05115089514,98.70460358056266,1100.4957190524296,29.924035,3129.993696,1044.642054,2246.1030041,2599.0709636999995,3100.80274811,823.355731431064,45.32614350255754,10.875549999999999,72.269575,46.576280999999994,60.0414913,63.167564399999904,69.92632156999998,13.944172359642625,5525.55785663427,1273.414079,7211.971882,5842.4406045,7054.2691305,7060.647848399999,7206.266161439999,1540.673144149022,53.77786908847331,5308.123249785152,26.369800571548158,13.83708151044198,91.94937267540493,21.47017557550545,51.964063367893196,61.16833268440703,82.0396842750255,15.753826897973415,profile,genai_perf_config.yaml,False,5001.0,5000.0,5000.0,5000.0,5000.95,5001.0,0.22030542677604123,100.0,93.0,99.0,99.0,99.0,99.0,1.2946690949265856,782.0,1009.9404202902813,3200.663537,7.572889,931.0130019999999,2246.1658124,2577.43157145,2969.8718645899994,868.0290657149742
401,5000.052369077307,98.87032418952619,1385.1446665561095,39.915715999999996,3970.8556289999997,1365.5258065,2875.9202374,3335.51361525,3739.6142313299997,1060.9259328260857,45.28545822942643,9.949757,93.204764,46.51844,70.8108939,73.00876995,79.92296564,17.96104283334323,5816.768301556109,1139.886919,10602.003595999999,6056.0484209999995,7812.769707699999,8085.549897999989,8116.52447656,2124.1456299204415,50.286368330535986,4971.829539154015,28.6790916314185,10.729065308292611,100.50496710623185,21.496851571176272,62.65976282197055,68.56934249612357,97.47835725351986,19.088930428659026,profile,genai_perf_config.yaml,False,5001.0,5000.0,5000.0,5000.0,5001.0,5001.0,0.2227701888691002,100.0,97.0,99.0,99.0,99.0,99.0,0.3609935646989001,802.0,1240.4176526246883,4176.692031,4.606425,1091.9989795,2860.2266191999997,3387.4828354499996,3798.6875505500007,1092.3928837817252
411,5000.052311435523,98.93187347931874,1501.2081923223843,31.991691999999997,4068.0902629999996,1465.320199,3031.1646500999996,3341.025191499998,4011.6364719299995,1094.0898638098445,48.41127922627737,10.57648,101.492994,48.0179025,71.1601408,74.59566825,78.70517362,17.01344876578809,6238.972942406326,1378.6597749999999,8265.096006,6934.376733499999,8037.7943909,8077.6619873,8259.90108657,1941.4597483303698,49.351315564404054,4882.418107455555,25.038523266472765,9.852896841332713,94.54941530641575,20.82556604874293,41.802082471270374,56.11769193240696,85.60378095137554,14.64379933128054,profile,genai_perf_config.yaml,False,5001.0,5000.0,5000.0,5000.0,5001.0,5001.0,0.22265432678622127,100.0,48.0,99.0,99.0,99.0,99.0,1.7846959962631386,822.0,1226.1170095243308,4172.6686199999995,7.399395999999999,864.3952165,3041.6000428,3389.88905805,3801.0108656199995,1165.476382572789
421,5000.05106888361,98.9893111638955,1404.4542012244656,35.876236999999996,4420.0220309999995,1279.2148929999998,2897.4079784,3296.0018380999995,4198.621261560002,1112.6117491825191,46.78835630047506,10.001123999999999,86.24190999999999,46.7870005,65.9745305,74.75423529999998,82.40668345,16.196701561602648,5989.043090296912,1262.7483029999999,8520.665058999999,6506.820812,8424.8318071,8430.6591354,8513.287367949999,2107.5307610434033,52.58506144535171,5205.359009986485,26.366983292941956,11.595290503190386,99.98876126323401,21.3739425295735,49.097874188512115,72.29996673106533,94.39765380121675,16.919610174832957,profile,genai_perf_config.yaml,False,5001.0,5000.0,5000.0,5000.0,5000.95,5001.0,0.22013825823157926,101.0,91.0,99.0,99.0,99.0,99.0,0.3022162800034446,842.0,1059.3546686389548,4491.4705969999995,4.228511,758.009542,2633.351287999997,3040.8234485999997,4118.68849143,1064.859100704266
431,5000.051044083527,99.00232018561485,1404.3990026902552,21.571493999999998,7674.952289,1329.092013,2668.2160198,3066.1321765,7274.098777779999,1172.0343158382477,46.73253610208817,6.876365,83.421774,50.1659705,67.9046574,71.99263685,79.18929281,17.243021483904094,5984.477662518561,695.4552679999999,15467.143082999999,6189.4054765,8323.5650059,9492.33488465,15433.093939839999,2370.206241582231,46.423509413028796,4596.035143048582,27.639271036327422,11.98727804565748,145.42567184842574,19.93383144290899,57.53058867738415,81.77744097422483,100.15105469446671,20.10267803182206,profile,genai_perf_config.yaml,False,5001.0,5000.0,5000.0,5000.0,5000.95,5001.0,0.22008767585578987,102.0,98.0,99.0,99.0,99.0,99.0,0.1926592499110792,862.0,1217.8112446589325,3650.92424,2.2269259999999997,1147.5580149999998,2810.4783459,3025.67982755,3442.8391955099996,1017.7717228157126
441,5000.051020408163,99.00566893424036,1598.4806838015872,23.17963,8536.096610999999,1328.960165,3125.0258036999994,3892.7498041499994,7533.78667034997,1383.9532467163456,47.83503185714286,6.868017,81.09944399999999,46.908635,70.64796109999999,74.4031931,77.02387001,17.534252396726448,6286.51895309297,697.141269,14873.516744999999,7044.050236499999,8025.7314854999995,8031.79673485,12435.600546639824,2291.41679219832,48.39617228843881,4791.49541127363,26.110504124224704,12.330540761783766,145.60243517160777,21.31803664719974,47.27160137408014,67.03855096156957,97.50901764932668,16.919604417435608,profile,genai_perf_config.yaml,False,5001.0,5000.0,5000.0,5000.0,5000.95,5001.0,0.22003937400865126,101.0,97.0,99.0,99.0,99.0,100.0,0.16138451192802664,882.0,1357.1906703639454,4129.437618999999,0.001997,996.3200995,3313.8052343,3539.6532850500002,3940.36322983,1248.8289252179538
451,5000.052106430156,98.99334811529934,1387.285548621951,31.062403,3953.7370859999996,1176.5874925,2926.4992614999996,3447.1744045,3772.38493736,1042.3224784305876,49.62366700110864,12.196868,82.387213,50.058668999999995,70.0046499,72.7497012,78.50750123,16.591476381297515,6250.097390125277,1266.7353249999999,8187.946706,7340.955765,7996.2369862,8042.883576699999,8181.145160699999,2002.4419198310306,52.46699656736025,5193.883655756908,24.541853034323875,12.137805899563565,81.98826124870746,19.976559907184345,47.008824291938765,64.42360193004953,81.9492114931512,14.95137918984647,profile,genai_perf_config.yaml,False,5001.0,5000.0,5000.0,5000.0,5001.0,5001.0,0.22224164796835624,100.0,98.0,99.0,99.0,99.0,99.0,0.12440585489228857,902.0,1449.973694090909,4394.153779,7.469201,1357.352834,3086.8283793,3382.9729243499996,4009.15712203,1102.3434517225091
461,5000.052060737527,98.99891540130152,1579.9576585488069,40.972504,8192.427928,1429.035027,3086.2705835999996,3527.59209695,4114.68957532,1188.2082403501877,52.17477592950108,10.16134,90.00222199999999,53.301736,75.9565856,78.8964572,84.95909648,19.008060227185712,6693.124237247288,1046.4457579999998,14934.712802,7584.442429,8621.519519899995,8658.060252899999,9625.90881734,2345.718787566761,49.4909845263345,4899.553790249712,25.0069127920539,11.110836796895969,98.41221728630279,18.761115022648625,48.02515719839281,76.5601265643505,98.38635900091218,18.933457543522987,profile,genai_perf_config.yaml,False,5001.0,5000.0,5000.0,5000.0,5001.0,5001.0,0.22214953777860497,101.0,98.0,99.0,99.0,99.0,99.0,0.1275453022376233,922.0,1503.1943734002168,4337.661225,7.66069,1263.0099155,3203.7619094,3690.8428685999997,4220.93399288,1241.6227897636707
471,5000.050955414013,98.9968152866242,1588.8437952611464,30.177061,3821.662094,1430.3435319999999,3098.4423189999993,3581.1515775499997,3787.03932755,1079.4151304453135,52.01157096390658,9.508027,113.48560499999999,52.7144285,75.22967929999999,76.67271115,79.54495559,17.818088180493397,6685.903906341825,982.0869889999999,12708.906828,7558.171168,8198.916035,9005.942423299999,9047.26650478,2049.679937930195,50.797395680443216,5028.780397218399,24.398858016031774,8.811690257984703,105.17429115420055,18.97022789571941,48.18187780587894,72.92517685093402,93.96463566956344,17.69197878852482,profile,genai_perf_config.yaml,False,5001.0,5000.0,5000.0,5000.0,5000.95,5001.0,0.21990670702716011,101.0,97.0,99.0,99.0,99.0,99.0,0.16926983778239885,942.0,1431.5572940498937,3772.803339,3.982506,1232.8412815,3176.2254995999997,3468.660417349999,3712.5460510899998,1159.1897101586162
481,5000.050935550936,99.0031185031185,1342.206348601871,32.873633,7368.033439,1156.5232325,2483.0519869,2872.7573422999994,3351.34603343,1027.7715170680494,51.21487488357588,13.581937,113.461686,53.593261999999996,70.6287945,75.2257232,78.11689109,16.447962945992526,6361.4298035977135,1734.266021,14221.471974,7079.073651,7737.038268599999,7769.552783149999,11507.72734265,1842.1361425470477,56.827834024716864,5626.1327862245935,23.029514948255073,8.813547861434035,73.62720059738166,18.659064655000307,41.2682231761828,53.057295481616855,67.01357213044395,12.330851820894488,profile,genai_perf_config.yaml,False,5001.0,5000.0,5000.0,5000.0,5000.95,5001.0,0.21986614242862135,101.0,98.0,99.0,99.0,99.0,99.0,0.13289767721754042,962.0,1174.1601836777545,3361.317205,0.0040809999999999996,995.9283785,2570.2676791,2975.6685441,3186.7291889,992.1493663759207
491,5000.050916496945,98.9928716904277,2060.34233091446,25.061996999999998,8770.192753,1912.9310404999999,3676.5735403,4035.101354399999,8413.27191579,1543.9706596801693,53.90824494093686,6.874194999999999,112.537369,56.931757499999996,75.0308673,78.69971845,81.50163727999997,17.48310193521708,7343.014069103869,698.733108,16158.929191,7844.418271,8185.0034977,8273.13966075,15772.19524418,2360.4438298514456,51.37611857805971,5085.869514350064,22.280237368258515,8.8859372569835,145.47157885396035,17.565837079650777,44.25615855785622,54.152280436899694,65.76360978425126,13.440202259669753,profile,genai_perf_config.yaml,False,5001.0,5000.0,5000.0,5000.0,5000.95,5001.0,0.21982722143506012,100.0,97.0,99.0,99.0,99.0,99.0,0.12338612679772591,982.0,1647.2593394867617,4133.41385,6.419681,1630.6931554999999,3289.1705454999997,3669.8815437,4057.2363541799996,1207.1255398627038
501,5000.051896207585,98.99101796407186,1906.577749253493,24.240451,8602.534641999999,1825.0151624999999,3607.7148453,3672.56134725,4212.3930183699995,1282.4373285214692,54.26406141417166,6.870699999999999,113.03454599999999,55.720102,77.04506359999999,78.8607284,81.90185895,17.47184912745023,7223.859764420159,697.5690069999999,15943.110154999998,7902.3831095,8277.0427638,8285.11034435,13329.3901744,2016.2115755956356,53.035058599850245,5249.99443858338,22.495984342304723,8.846852890442891,145.54557759762469,17.946844390809275,36.02762247245767,60.91361548179858,99.81554323540911,15.259339123043471,profile,genai_perf_config.yaml,False,5001.0,5000.0,5000.0,5000.0,5001.0,5001.0,0.22181747276340186,100.0,97.0,99.0,99.0,99.0,99.0,0.15123959417742694,1002.0,1601.2631161357285,4345.64454,0.0031799999999999997,1422.085913,3464.8665284999997,3861.8241307,4069.77910478,1219.3953479698573
