concurrency,deployment_name,input_sequence_length_avg,output_sequence_length_avg,time_to_first_token_avg,time_to_first_token_min,time_to_first_token_max,time_to_first_token_p50,time_to_first_token_p90,time_to_first_token_p95,time_to_first_token_p99,time_to_first_token_std,inter_token_latency_avg,inter_token_latency_min,inter_token_latency_max,inter_token_latency_p50,inter_token_latency_p90,inter_token_latency_p95,inter_token_latency_p99,inter_token_latency_std,request_latency_avg,request_latency_min,request_latency_max,request_latency_p50,request_latency_p90,request_latency_p95,request_latency_p99,request_latency_std,request_throughput_avg,output_token_throughput_avg,output_token_throughput_per_user_avg,output_token_throughput_per_user_min,output_token_throughput_per_user_max,output_token_throughput_per_user_p50,output_token_throughput_per_user_p90,output_token_throughput_per_user_p95,output_token_throughput_per_user_p99,output_token_throughput_per_user_std,input_config_subcommand,input_config_template_filename,input_config_verbose,input_sequence_length_max,input_sequence_length_min,input_sequence_length_p50,input_sequence_length_p90,input_sequence_length_p95,input_sequence_length_p99,input_sequence_length_std,output_sequence_length_max,output_sequence_length_min,output_sequence_length_p50,output_sequence_length_p90,output_sequence_length_p95,output_sequence_length_p99,output_sequence_length_std,request_count_avg,time_to_second_token_avg,time_to_second_token_max,time_to_second_token_min,time_to_second_token_p50,time_to_second_token_p90,time_to_second_token_p95,time_to_second_token_p99,time_to_second_token_std
1,1p1d,100.0,4.0,803.165299,38.061096,1568.2695019999999,803.165299,1415.2486614,1491.7590816999998,1552.96741794,765.104203,56.151201,7.7488019999999995,104.55359999999999,56.151201,94.8731202,99.71336009999999,103.58555202,48.402398999999996,971.6189025,61.307502,1881.9303029999999,971.6189025,1699.8680229,1790.8991629499997,1863.72407499,910.3114005,1.0256121160022729,4.1024484640090915,69.30833961605299,9.564472194166438,129.05220703793955,69.30833961605299,117.10343355356224,123.0778202957509,127.85732968950182,59.743867421886556,profile,genai_perf_config.yaml,False,100.0,100.0,100.0,100.0,100.0,100.0,0.0,4.0,4.0,4.0,4.0,4.0,4.0,0.0,2.0,155.0108745,299.906026,10.115723,155.0108745,270.92699569999996,285.41651084999995,297.00812296999993,144.8951515
11,1p1d,100.0,4.0,153.8890984090909,29.061473,283.196668,95.122463,283.1467044,283.1700073,283.19129577999996,99.056112229479,17.034819590909088,7.174854,62.897982,10.189999,57.63695800000011,62.83119265,62.88419843999999,18.23814163694805,204.99355736363637,50.586034,316.372332,203.34962299999998,316.3008104,316.31178565,316.3596942,107.62617707375449,50.84375183051951,203.37500732207803,91.73868293025303,15.898761267094386,139.37565837576625,98.77896367081019,122.67354359728569,124.47884202054315,136.24888813133904,32.76182184222053,profile,genai_perf_config.yaml,False,100.0,100.0,100.0,100.0,100.0,100.0,0.0,4.0,4.0,4.0,4.0,4.0,4.0,0.0,22.0,35.95345759090909,170.086829,8.331382999999999,15.634373499999999,154.7854878000003,170.05353355,170.07985112,53.34306175513172
21,1p1d,100.0,4.0,76.70870588095238,41.304027999999995,128.268274,73.61953849999999,105.09950659999998,105.42633995,118.96524607999991,20.99113863953441,9.757477476190475,7.222192,11.090582999999999,10.3886525,10.963916699999999,11.01778955,11.0713868,1.2433100735539677,105.98113826190476,68.94254099999999,159.86660799999999,102.947329,134.2623793,134.5956072,149.5844303799999,22.525449739024786,171.42186358609715,685.6874543443886,104.41310325274199,90.16658547165646,138.4621178722471,96.25901757274427,130.43981706213467,130.85576697593817,138.43776102247332,15.182447515039886,profile,genai_perf_config.yaml,False,100.0,100.0,100.0,100.0,100.0,100.0,0.0,4.0,4.0,4.0,4.0,4.0,4.0,0.0,42.0,14.462883047619048,18.199049,8.127046,15.3940375,17.8592369,18.0323474,18.13434813,3.094623325803319
31,1p1d,100.0,4.0,106.63495633870967,37.109057,149.133105,96.6967445,148.6207803,148.69923505,148.8827671,35.50857126782743,9.012021112903225,7.703202999999999,12.105407,8.694685999999999,9.6446496,9.698190499999999,12.085782689999998,0.9476263956371356,133.6710197096774,65.40988399999999,174.784621,125.5102625,174.37508319999998,174.53910855,174.76926303,34.38408773699718,201.06313494643518,804.2525397857407,112.08188043787655,82.60771405703252,129.81612973200887,115.01280629182608,127.84321460973658,128.92614072242844,129.68158975532833,10.791273903160024,profile,genai_perf_config.yaml,False,100.0,100.0,100.0,100.0,100.0,100.0,0.0,4.0,4.0,4.0,4.0,4.0,4.0,0.0,62.0,13.670214161290323,28.324592,9.387848,13.445259499999999,15.183794799999998,15.393999249999998,28.29125123,3.780061820157106
41,1p1d,100.0,4.0,110.16872084146341,53.979074999999995,172.172339,110.11815,152.442604,152.58800555,171.30451715,30.844692478435167,8.734172243902439,7.2189939999999995,11.537474999999999,8.612236,9.654054599999998,11.4834043,11.53387617,1.1523750289234114,136.37123742682928,75.638364,206.57288599999998,133.1270745,178.36017069999997,178.55023,205.86588802999998,32.436566862656726,247.60805859510637,990.4322343804255,116.30262727541131,86.67407730027584,138.52345631538134,116.11395489381582,131.7229954009378,132.73848148883255,138.51150510926774,13.866834436860126,profile,genai_perf_config.yaml,False,100.0,100.0,100.0,100.0,100.0,100.0,0.0,4.0,4.0,4.0,4.0,4.0,4.0,0.0,82.0,12.071154804878049,19.252899,8.184664999999999,11.7135515,15.377968300000001,18.58704135,19.040397929999997,3.089123288493799
51,1p1d,100.0,4.0,110.00063900980392,55.234189,183.419374,112.6059305,136.7835577,180.4441637499995,183.18944416999997,33.359635250320146,8.461545823529411,7.516954999999999,10.992818999999999,8.5360015,9.0426279,10.875861449999999,10.96214983,0.9194793603720235,135.38527653921568,79.6828,210.394769,135.6395095,161.77058359999998,207.45678434999954,210.02035552,33.03532452151259,287.51062633637474,1150.042505345499,119.43116995819896,90.96847678470827,133.03259098930351,117.15243223670387,131.2645913970235,131.709788807904,132.3933178851264,11.590331162415582,profile,genai_perf_config.yaml,False,100.0,100.0,100.0,100.0,100.0,100.0,0.0,4.0,4.0,4.0,4.0,4.0,4.0,0.0,102.0,10.3577975,17.537741,8.078645999999999,9.2484925,12.2823476,17.06846315,17.48900519,2.481748114828967
61,1p1d,100.0,4.0,93.54859467213114,43.688801,171.62806799999998,89.29171199999999,139.541292,139.7153252,171.45008997,30.334720043359027,9.490149598360656,7.7111979999999996,11.67372,9.530092,11.423102199999999,11.4378054,11.62990391,1.3224077450217224,122.01904340983606,72.767078,205.83899,119.50936899999999,162.9931897,163.354613,205.66216873,29.53367654695206,339.9492860868546,1359.7971443474185,107.4531251694032,85.66249661633138,129.6815358651146,104.93078139861755,127.06851023955888,127.84621092206856,129.10961999380453,15.007231595845413,profile,genai_perf_config.yaml,False,100.0,100.0,100.0,100.0,100.0,100.0,0.0,4.0,4.0,4.0,4.0,4.0,4.0,0.0,122.0,13.636130237704917,20.523979,8.690327,14.439254499999999,17.737789499999998,20.1907888,20.36872159,3.6285841339369527
71,1p1d,100.0,4.0,97.29114676760562,50.579234,200.04610699999998,83.6881935,174.9011711,175.32359830000001,199.93077741999997,44.005512043018896,10.425109795774647,7.853872999999999,13.941732,10.260263,13.70251,13.815322949999999,13.9336948,1.5933639048270167,128.5664762253521,81.82128399999999,231.188008,117.609821,198.77611169999997,198.9913284,231.03366669,41.84838481166383,347.16238306058216,1388.6495322423286,98.13499245669735,71.72709961717813,127.32571560553626,97.46341372983758,125.35932820620245,126.05419241211673,126.73042844401316,14.793111770280023,profile,genai_perf_config.yaml,False,100.0,100.0,100.0,100.0,100.0,100.0,0.0,4.0,4.0,4.0,4.0,4.0,4.0,0.0,142.0,15.190938985915492,21.737178,9.12568,14.839138499999999,20.8603121,21.409048499999997,21.63972034,3.1806728003739497
81,1p1d,100.0,4.0,115.49051296296297,44.209945999999995,203.086595,108.655795,202.42633419999999,202.7680124,202.88911910999997,42.739671544480366,9.815009012345678,7.743119,14.516041999999999,9.709135,11.3758539,14.13403459999997,14.464366709999998,1.501489763806937,144.93553998765432,73.875759,226.80331099999998,144.4218165,226.04159149999998,226.37243755,226.59067144,40.60012574438493,375.4292224943536,1501.7168899774144,104.02184105139031,68.88930191852573,129.1469238687924,102.99579581324774,126.70832136751525,127.47869616978085,128.94625322980986,14.342696733474702,profile,genai_perf_config.yaml,False,100.0,100.0,100.0,100.0,100.0,100.0,0.0,4.0,4.0,4.0,4.0,4.0,4.0,0.0,162.0,13.264030499999999,18.933916999999997,4.141933,15.1190185,17.723738,18.3789008,18.70883684,3.574355849718672
91,1p1d,100.0,4.0,147.5315937142857,42.004132,462.499259,92.22184399999999,461.8714872,462.0843941,462.21298376999994,133.35205850694155,9.584381906593405,7.572469,11.694298,10.160537999999999,10.797577800000001,10.840513999999999,11.674043659999999,1.303158618748784,176.28473943406593,74.9767,485.248049,119.07053599999999,484.8087207,485.06661955,485.21723295999993,130.93345411535608,221.9980315873656,887.9921263494624,106.46537871401972,85.51175966270057,132.0573250283362,98.41998604259595,130.605117720575,131.2296156186193,131.87602292273476,15.710587459307371,profile,genai_perf_config.yaml,False,100.0,100.0,100.0,100.0,100.0,100.0,0.0,4.0,4.0,4.0,4.0,4.0,4.0,0.0,182.0,13.147291296703296,21.34464,8.425236,14.457106,15.767589300000001,16.240280549999998,21.20923967,2.9885625836524996
101,1p1d,100.0,4.0,128.15535801980198,42.420333,219.15311,126.640518,194.6153296,195.22527829999999,217.42499699000012,41.103346274536264,9.3461205,7.7148769999999995,13.181676999999999,9.0710985,10.7551814,12.9132918,13.07057041,1.4300054650074387,156.19371959900988,70.998389,243.518746,151.119205,233.3975921,233.57070194999997,241.82665302000007,43.61957604548812,424.58882949122375,1698.355317964895,109.21140670878864,75.86288148313754,129.61969452008114,110.24053791874206,126.16086461067765,127.32138232896467,129.1997843832026,14.673935188544391,profile,genai_perf_config.yaml,False,100.0,100.0,100.0,100.0,100.0,100.0,0.0,4.0,4.0,4.0,4.0,4.0,4.0,0.0,202.0,12.526273955445545,21.939947,8.463308,11.134789,17.5236646,21.41500965,21.8011545,3.7316454338599248
111,1p1d,100.0,2.9234234234234235,250.32884133333334,58.454178999999996,493.87913,206.663899,414.48689039999994,491.805842,493.36781342,120.88738807630335,8.470707824817518,0.6080599999999999,14.272302,9.164837,10.734592,14.110696799999998,14.259944959999999,3.529639534213803,265.94321893243244,81.571377,493.87913,232.70277099999998,414.48689039999994,491.805842,493.36781342,108.59354457450486,307.15916452729385,897.95629629826,233.5719487879165,70.06578196005101,1644.5745485642865,109.11268798343058,742.7772851136943,965.3631709122149,1521.3683569525908,322.7542134727246,profile,genai_perf_config.yaml,False,100.0,100.0,100.0,100.0,100.0,100.0,0.0,4.0,1.0,4.0,4.0,4.0,4.0,1.3215098486852315,222.0,10.367371350364962,17.022544,1.824179,10.129332999999999,14.853978999999999,16.3953706,16.71779836,3.900532993471695
121,1p1d,100.0,4.0,148.45349835950412,26.932367,242.708342,129.47637,240.3476249,240.94372149999998,241.92927163999997,52.632302572189325,9.862981388429752,7.519112,14.983523,9.388606,11.5158754,11.878015999999999,13.02498074,1.3528594691272766,178.04244250413223,64.532541,277.37415,156.11738649999998,274.6168781,275.33421305,276.46041203,54.14911834920065,459.70331188957954,1838.8132475583182,103.24434281391855,66.73997830817225,132.99442806544178,106.51208959551244,122.9962458236512,125.40525738075053,130.58884020008415,13.676834796586947,profile,genai_perf_config.yaml,False,100.0,100.0,100.0,100.0,100.0,100.0,0.0,4.0,4.0,4.0,4.0,4.0,4.0,0.0,242.0,12.582969946280992,22.400436,8.759627,12.989239999999999,14.946334699999998,16.0060301,21.16156062,2.541511606007218
131,1p1d,100.0,4.0,137.61004104961833,27.803798999999998,299.101573,122.981371,209.90315959999998,264.1367625,265.35792299999997,61.53771020019813,9.906103614503817,7.7218089999999995,15.033731,9.1438125,13.3675569,14.84964335,15.00066566,2.03573427599919,167.32835190458013,58.963957,339.117459,151.20686849999998,239.8989796,289.17176244999996,290.55108695999996,59.633408532170506,433.030978267638,1732.123913070552,104.55939800149758,66.51708747482577,129.50333270351547,109.36359818776845,125.2476759555724,127.99318513414487,129.2266868159984,17.88614701749379,profile,genai_perf_config.yaml,False,100.0,100.0,100.0,100.0,100.0,100.0,0.0,4.0,4.0,4.0,4.0,4.0,4.0,0.0,262.0,13.591335522900764,30.268186,8.415967,12.125136,16.7082994,29.4899895,30.135091369999994,5.415873331745858
141,1p1d,100.0,3.99645390070922,169.92400616666666,44.658158,297.574149,167.74459199999998,239.2673238,240.36211219999998,241.96654981,43.13630322935075,9.498615840425533,7.501126999999999,14.097985999999999,9.61665,10.549150099999999,11.968815849999999,13.621426469999998,1.2249440794501976,198.3702750177305,71.281189,323.973816,192.1008965,269.45374319999996,270.30924725,272.46038073,43.55236361407413,485.6734520914114,1940.9715620816335,106.87382395287435,70.9321175379235,133.31330078800158,103.98632303123617,123.4731537959859,125.62487669916206,129.75859935836658,12.584248197867232,profile,genai_perf_config.yaml,False,100.0,100.0,100.0,100.0,100.0,100.0,0.0,4.0,3.0,4.0,4.0,4.0,4.0,0.059443456078865996,282.0,12.949564787234042,21.108157,8.473279999999999,13.934358999999999,15.8176575,16.3699291,19.709089489999997,2.635173231254598
151,1p1d,100.0,4.0,165.8049340562914,46.356967,250.167715,175.8059985,232.42471919999997,239.36866049999998,242.55653411,48.850844895965125,9.57596473178808,3.912722,13.717271,9.5545385,10.9185574,13.10454515,13.266989579999999,1.5428503454681306,194.5328283145695,74.04057999999999,289.451665,207.79369849999998,257.7980428,271.33652355,274.44072661999996,49.36235682103275,507.4628324307519,2029.8513297230077,108.08049656426962,72.90079783362157,255.57655258922046,104.66230293236782,121.64120599880273,126.16572754454931,250.09674249351855,25.40690293447325,profile,genai_perf_config.yaml,False,100.0,100.0,100.0,100.0,100.0,100.0,0.0,4.0,4.0,4.0,4.0,4.0,4.0,0.0,302.0,11.751642046357617,27.752523,3.117105,9.957271,18.245264300000002,21.29037424999998,23.84873103,4.46346167097561
161,1p1d,100.0,4.0,173.8598783322981,26.026871999999997,304.981764,161.33443599999998,290.68051489999993,291.24160394999996,292.18393612,61.9925269846611,10.607560692546583,7.559539,13.870142999999999,10.4797835,12.9340888,13.17648335,13.80318123,1.574487735691194,205.68256042236024,50.231646,344.483769,189.9916945,324.0197781,325.53129444999996,326.24458425,64.09917930839507,493.26470407721496,1973.0588163088598,96.41791776952896,72.09731002773367,132.28319875061166,95.42184874752456,119.4309554261831,122.14280055437817,131.48215684245406,14.660229610389372,profile,genai_perf_config.yaml,False,100.0,100.0,100.0,100.0,100.0,100.0,0.0,4.0,4.0,4.0,4.0,4.0,4.0,0.0,322.0,14.392611636645963,22.078621,8.706562,15.0016115,20.273485700000002,21.1083705,21.656781480000003,3.9909282250988616
171,1p1d,100.0,4.0,257.2791823508772,56.303802,504.23252099999996,138.5139725,442.6085206,448.97220905,502.41505851,155.58953307606163,11.359945093567251,7.618484,85.89915099999999,9.488208499999999,15.648581000000004,15.8653055,57.256339499998255,8.450020339184361,291.35901766374263,85.602992,532.8612499999999,250.211751,470.60472789999994,487.96319294999995,530.7365644299999,154.61920767591369,424.5228852150731,1698.0915408602923,98.73238683661612,11.641558599339357,131.2597099370426,105.39398177623208,123.97621212914636,126.44024630676358,130.89035375539638,21.3148371238372,profile,genai_perf_config.yaml,False,100.0,100.0,100.0,100.0,100.0,100.0,0.0,4.0,4.0,4.0,4.0,4.0,4.0,0.0,342.0,14.337253663742688,34.127914,2.379599,12.202422,32.4481583,33.0910641,33.68498281,7.1233108090258686
181,1p1d,100.0,4.0,163.17227674861877,67.060221,291.394328,162.4470335,245.7893317,246.99030915,257.68986809999996,51.82855296983171,9.965715223756906,7.723624,13.78961,9.846003999999999,13.084174,13.4203958,13.619955029999998,1.5502673911769274,193.06942240883978,107.346767,321.072794,192.00901449999998,276.035379,278.35631789999996,297.93391205,51.847506325784494,632.1491749674432,2528.5966998697727,102.58217022240677,72.51836708942457,129.4729002861869,101.56409789694654,122.09025286458746,123.72943490537511,128.50100698307082,14.609613514797903,profile,genai_perf_config.yaml,False,100.0,100.0,100.0,100.0,100.0,100.0,0.0,4.0,4.0,4.0,4.0,4.0,4.0,0.0,362.0,12.180298154696132,23.764096,1.012532,10.526753,19.3962601,19.692598899999997,20.55152102,4.490851571046027
191,1p1d,100.0,4.0,170.63395880628272,68.92831,254.908268,172.5460125,241.43645669999998,242.13674684999998,245.87183065,44.19362222295915,9.984511942408377,7.563355,12.944061999999999,9.8692655,11.5328241,12.09056515,12.822737739999999,1.2442572612714018,200.58749467015707,99.29365,289.54891399999997,206.92097149999998,270.7127705,271.82452985000003,275.77296227999994,44.2241451492118,624.4337034037497,2497.734813614999,101.69957561733871,77.25550140288266,132.21645685016767,101.32488321801296,118.36733085840184,119.40478238136156,131.1274068067884,12.499240224288938,profile,genai_perf_config.yaml,False,100.0,100.0,100.0,100.0,100.0,100.0,0.0,4.0,4.0,4.0,4.0,4.0,4.0,0.0,382.0,12.888022041884817,24.663822999999997,2.500321,11.532479499999999,17.646295600000002,18.961649149999996,24.384202149999997,3.9075698421570713
201,1p1d,100.0,3.5348258706467663,283.2671856169154,60.520576999999996,527.397743,242.375868,523.0694926,524.69568055,526.21659191,152.26716492771527,9.469172770588235,0.7899879999999999,18.437348,9.346033,12.671613099999998,17.91577735,18.277284740000002,3.86633616556904,307.26069353980097,90.80429099999999,553.438394,273.70316199999996,549.5702226,551.4381552,552.93476741,146.64539740983048,483.6076803814513,1709.4689398558266,191.01815232950568,54.23773527515996,1265.8420127900677,106.99726851760887,762.3053860137105,886.0866719536507,1090.3937004703685,260.2628130128583,profile,genai_perf_config.yaml,False,100.0,100.0,100.0,100.0,100.0,100.0,0.0,4.0,1.0,4.0,4.0,4.0,4.0,1.0835867722808603,402.0,12.586152061764706,21.924886,2.369963,12.8477385,18.948223399999996,19.875014,21.19658041,4.5704274352258665
211,1p1d,100.0,3.9502369668246446,178.62990776303317,35.453569,348.848353,179.100958,297.08000669999996,298.80420155,346.70975853,72.60703094854833,10.67530054028436,7.520543,16.582781999999998,9.9771895,15.822171199999998,16.190620499999998,16.37676736,2.672642148789898,209.84457950947865,58.015197,377.876083,204.3368175,321.2418278,323.3476638,375.84468061999996,71.84152246479275,630.2158895926037,2489.502104148982,98.71016442575304,60.30351240220127,132.96912204344818,100.22864185842221,125.91141944150972,128.4146881645867,131.6879457170694,20.658481806858727,profile,genai_perf_config.yaml,False,100.0,100.0,100.0,100.0,100.0,100.0,0.0,4.0,3.0,4.0,4.0,4.0,4.0,0.2174549923651879,422.0,16.533811914691942,33.644963,7.439937,15.492367999999999,31.5652188,32.365630149999994,33.27783948,6.938244502046
221,1p1d,100.0,3.995475113122172,177.42211993891402,25.893632,323.319778,160.75127999999998,279.27891619999997,317.9840493,322.20381418,67.16004751264417,10.234239328054297,7.478415999999999,19.675224999999998,9.677406,11.6331901,17.725255399999998,18.194156939999996,2.4339729481949224,208.03741511312217,56.743176999999996,356.396842,194.6884485,303.98404469999997,351.61444589999996,355.65399189,65.47618042119171,668.0185871668044,2669.051640128001,101.76959403092366,50.82533998975869,133.71815635824484,103.33347600471546,123.02025210415304,124.76805874632906,126.10136429474498,17.797436740217716,profile,genai_perf_config.yaml,False,100.0,100.0,100.0,100.0,100.0,100.0,0.0,4.0,3.0,4.0,4.0,4.0,4.0,0.06711491843525486,442.0,14.058322291855202,39.290766,6.372247,12.4166055,19.230810299999998,37.3090761,38.892653519999996,7.096457764082501
231,1p1d,100.0,3.997835497835498,217.22597776623377,61.844871,365.47153399999996,202.026998,314.51590839999994,358.65935735,362.62878907,81.53194920841246,10.647996705627705,7.630992,18.886336,9.656893499999999,13.0453561,18.351095,18.778685279999998,2.559504060923333,249.13269646753244,89.757869,401.041718,238.98989699999998,345.4840278,395.8183826,398.62008133999996,81.43671316047575,574.9056706099562,2298.3782978714053,98.09815980719435,52.948332593468635,131.04456144102892,103.55297033028666,118.1321374913216,125.97172914796205,129.65245128234972,18.104048036939027,profile,genai_perf_config.yaml,False,100.0,100.0,100.0,100.0,100.0,100.0,0.0,4.0,3.0,4.0,4.0,4.0,4.0,0.0464738323670647,462.0,14.413092623376622,42.033457999999996,5.243183999999999,12.6710725,22.354458100000187,40.563266399999996,41.47642069999999,7.683347578352728
241,1p1d,100.0,3.599585062240664,231.71988670954354,34.516323,402.210517,195.1823885,363.436466,396.21730449999995,399.10248154,87.13384289303264,25.850081440963855,1.0224689999999999,120.655,11.070985,119.03513059999999,119.87560489999998,120.56913712,36.09901518738458,285.2539177157676,79.020837,431.954705,296.37213049999997,395.8101787,397.23625649999997,399.80924061999997,83.08448282894686,508.75110319431064,1831.292871456699,86.10457334005086,8.288094152749576,978.0247616309149,90.32619952063885,119.23010960375905,122.16447682991755,128.78397177966778,80.69544730168155,profile,genai_perf_config.yaml,False,100.0,100.0,100.0,100.0,100.0,100.0,0.0,4.0,2.0,4.0,4.0,4.0,4.0,0.7197854639638882,482.0,48.08968106987952,241.31,2.0449379999999997,17.924446,238.0702608,239.75120979999997,241.13827424,73.8684443149596
251,1p1d,100.0,4.0,244.67943485258962,44.245233,465.536407,251.7100615,325.82402039999994,408.49712705,462.99187837,85.26619905672419,9.265397380478088,0.9115909999999999,15.133287,8.8006525,11.9266569,12.25923365,13.757979449999999,2.1911154140516835,272.47562702988046,89.62657399999999,491.085667,278.29227449999996,366.3081254,435.68806444999996,488.67349336999996,86.80265060913761,592.1452156543864,2368.580862617546,132.43116406024745,66.07949746806493,1096.9831865387,113.62805921915171,127.41993067112064,139.21618357136464,964.3219647280956,141.01786607389724,profile,genai_perf_config.yaml,False,100.0,100.0,100.0,100.0,100.0,100.0,0.0,4.0,4.0,4.0,4.0,4.0,4.0,0.0,502.0,12.215691890438247,26.905727,2.734772,10.512259,20.972930199999997,22.496802849999998,24.65187801,4.987153864071545
261,1p1d,100.0,3.996168582375479,210.09908953831416,49.316455,376.40898,177.6259735,322.7780351,339.86587535,344.47364963999996,76.11009979726218,10.897362908045977,7.35881,17.180908,10.746938499999999,12.2052783,16.66019975,16.922172149999998,1.9087846632861698,242.74686524904214,82.261882,410.336932,210.46694499999998,355.7326771,376.27237105,380.42776557999997,75.9951362299688,679.1143628482957,2713.8554806543007,94.16739434477604,58.20414148076458,135.89153681097895,93.04975618078169,115.54480294112916,119.19578578333487,126.8414621525754,14.241617328198643,profile,genai_perf_config.yaml,False,100.0,100.0,100.0,100.0,100.0,100.0,0.0,4.0,3.0,4.0,4.0,4.0,4.0,0.06177975286052526,522.0,14.90346730268199,36.952795,7.622312,13.577475999999999,19.5190012,34.821828249999996,36.16482195999999,6.11745296727448
271,1p1d,100.0,3.9667896678966788,216.30394011623613,33.830508,357.25327899999996,198.8966285,313.1795573,340.51391639999997,353.88729058,76.27027407920843,10.169639625461254,1.324783,21.755416,9.8614455,12.2330936,20.062992599999998,21.525960400000002,3.326845349837533,246.09876885424353,63.262501,384.23544599999997,236.68137449999998,342.760695,373.33242844999995,381.2417974,77.0823986458915,596.3026948923327,2365.4073690378514,119.61588644128175,45.96556554009356,754.8406040838387,101.4050132561459,123.96392369194773,127.70022574863123,644.0272845203401,102.31761152333169,profile,genai_perf_config.yaml,False,100.0,100.0,100.0,100.0,100.0,100.0,0.0,4.0,3.0,4.0,4.0,4.0,4.0,0.17918539545651638,542.0,15.134488178966789,48.382476999999994,1.521491,14.1368765,17.208472,42.9291864,46.92795534000001,8.188916330173827
281,1p1d,100.0,3.667259786476868,271.11661052491104,50.493621999999995,553.8067659999999,267.9655275,441.70003249999996,543.9894512000001,547.9613311699999,121.95127963751975,12.013858578544061,0.0014889999999999999,131.378267,8.500257999999999,10.056235600000006,18.400280849999998,131.00801188,22.651620965302076,299.48579705871884,85.356475,601.0309189999999,293.5043725,466.5848199,545.8666581,575.9839347299995,122.83724626109039,580.6958351514132,2129.5624844253784,4605.983852527614,7.611609003793603,671591.672263264,117.64351775375948,278.1331947169144,339.9363241611926,369.49084614501896,51000.639639318615,profile,genai_perf_config.yaml,False,100.0,100.0,100.0,100.0,100.0,100.0,0.0,4.0,1.0,4.0,4.0,4.0,4.0,0.7877821248817648,562.0,11.072943854406128,36.327953,0.0044659999999999995,10.56568,14.655405,15.73367785,17.051488499999977,3.6618854061512516
291,1p1d,100.0,3.9965635738831615,239.67023203092782,36.52089,435.590283,204.25545499999998,402.37562289999903,412.59344719999996,432.90309227999995,94.56086541781535,12.181577625429554,7.613079,34.798407999999995,9.777840999999999,20.547641,21.097260049999996,21.916988369999995,4.83388138836007,276.09538272680413,70.955409,471.36197799999997,240.62661,433.0038260999997,439.50831784999997,469.65835137,94.46007444258801,622.6644759547286,2488.518163351716,92.65008244480238,28.73694681664747,131.35289939852194,102.27206675465459,119.84399380645564,123.23980857726742,127.63557854797767,27.2713245949294,profile,genai_perf_config.yaml,False,100.0,100.0,100.0,100.0,100.0,100.0,0.0,4.0,2.0,4.0,4.0,4.0,4.0,0.0828314143862127,582.0,19.575709695876288,47.497828999999996,7.1156369999999995,13.775011,41.7903853,42.82817769999998,45.75914639999999,12.186411771347915
301,1p1d,100.0,3.971760797342193,237.83545097674417,44.366326,459.314663,198.445719,362.1354298,408.99613294999995,446.1593998000003,101.76342123552789,13.416350325581396,7.43284,27.551534,9.576903,24.415570099999997,24.920934449999997,27.22725664,6.074739150718181,277.31511920764115,69.95752499999999,507.524972,230.35548699999998,413.7253313,435.30619429999996,500.85374158000053,101.93870260533842,643.697162460584,2556.611155221356,88.02274153047502,36.29561969217395,134.5380769665431,104.4178933705749,120.09610750261155,122.34001125656941,128.51949483273594,30.841898478767675,profile,genai_perf_config.yaml,False,100.0,100.0,100.0,100.0,100.0,100.0,0.0,4.0,3.0,4.0,4.0,4.0,4.0,0.16565551633150827,602.0,18.677046426910298,56.817889,1.225779,13.336236999999999,41.1594218,43.86690769999999,54.922575329999994,12.833791270381187
311,1p1d,100.0,3.995176848874598,242.2449832090032,55.770767,424.11983699999996,196.78782049999998,374.7704722,390.57823759999934,402.02496914999995,89.9102871219047,10.862796577170418,3.048222,23.710062,9.3868485,16.8320944,19.8531811,21.182424129999998,3.9470291285103047,274.7222652942122,100.452356,470.103053,241.5036835,404.46518299999997,448.1217325999977,463.28620251999985,92.20504098682149,700.2374331765218,2797.5723817422136,103.98819491660056,42.17618663333736,328.0600953605085,106.53203273786752,124.07942910184441,127.2869340975075,313.9406375804739,41.121596922490795,profile,genai_perf_config.yaml,False,100.0,100.0,100.0,100.0,100.0,100.0,0.0,4.0,3.0,4.0,4.0,4.0,4.0,0.06928122645149595,622.0,14.786246416398713,47.420124,0.0019,13.511593999999999,24.052555799999993,29.086840449999983,33.029065519999996,6.479878434667506
321,1p1d,100.0,3.646417445482866,396.2250195249221,27.768682,766.881315,382.7636895,663.0714003999999,670.6178861,708.9051767599999,164.45630223322132,10.503852666055046,4.626005,103.721369,9.843549,12.831722200000002,13.4791136,19.035983759999915,5.956520053892915,422.47561616822424,58.57671,795.471149,418.500741,688.4721766,696.2080776,739.25758659,162.59369226710942,512.2097537301408,1867.730581748068,101.60721475982092,9.641214820448427,216.16924322390486,101.5893759456066,119.39623637017424,124.08445924996349,207.41012986254705,20.659687636845145,profile,genai_perf_config.yaml,False,100.0,100.0,100.0,100.0,100.0,100.0,0.0,4.0,1.0,4.0,4.0,4.0,4.0,0.7900636436020589,642.0,14.182845379816513,40.036348,7.201483,13.026814,21.3215884,23.231013999999995,35.92781855999999,5.405803469975845
331,1p1d,100.0,3.971299093655589,234.3565735226586,38.418504999999996,442.120449,183.8446975,369.9681901,413.14795589999994,418.46792374,101.06990552045457,9.372113895770394,0.42982899999999996,23.329476,8.898958,11.122485699999999,12.1649414,22.905927729999995,2.923953950293776,261.81701572960725,60.373436,466.138262,214.0790375,398.53591769999997,447.3928634999999,452.25165215999994,102.46811145401391,677.6050290174783,2690.9722375935808,135.94921085829705,42.864228926530544,2326.5065875034024,112.37271271123785,126.30641095887734,133.59945338960043,1275.6414160906556,186.50005563201262,profile,genai_perf_config.yaml,False,100.0,100.0,100.0,100.0,100.0,100.0,0.0,4.0,3.0,4.0,4.0,4.0,4.0,0.1669645600701545,662.0,11.72646866163142,46.658950999999995,0.9835849999999999,10.8765615,14.530134199999999,15.702849799999996,45.81185584999999,6.482689736640264
341,1p1d,100.0,3.9237536656891496,246.48763030498534,43.471247999999996,492.511459,227.7753645,399.2144946,410.67001604999996,421.6482595099997,102.95450899441616,11.011569413109756,0.8976729999999999,23.256866,9.7114165,17.89322,18.4893415,19.662737200000002,3.740944516488255,278.2629508739003,70.52614,545.2657459999999,265.7818085,430.8788951,464.56242699999996,474.41210189999975,108.38392607684632,630.6540149469421,2474.531002929644,103.8927454969013,42.99805485399451,1113.9913977584265,102.97159039116131,125.02426348143112,132.16439590798188,141.30892950440085,70.85630348482148,profile,genai_perf_config.yaml,False,100.0,100.0,100.0,100.0,100.0,100.0,0.0,4.0,2.0,4.0,4.0,4.0,4.0,0.38298716052350745,682.0,15.388485737804878,54.923812999999996,0.003437,12.8183955,29.563307,31.469188,33.46462965,7.858861787796391
351,1p1d,100.0,3.843304843304843,360.3765442222222,37.633631,741.350692,329.7333475,658.5259982,700.26777245,738.0296726299999,206.70851051797388,12.520060546120058,0.001321,145.770384,10.000385999999999,14.4482514,15.229238799999997,142.32551786,15.264167642645317,394.5429592094017,59.755897999999995,786.336431,375.0720665,703.5019603999999,728.5515647999999,782.5312269799999,207.6685560246085,548.2535245350579,2107.1054262045386,1203.9590949606948,6.860104038691426,757002.271006813,99.99614014899025,116.99055474727504,121.56194461025903,137.31661990460378,28941.023266276905,profile,genai_perf_config.yaml,False,100.0,100.0,100.0,100.0,100.0,100.0,0.0,4.0,1.0,4.0,4.0,4.0,4.0,0.5427107396731701,702.0,16.169313155197656,30.676115,0.0039629999999999995,16.049148,23.6499186,25.9808927,28.46894743999999,5.49405259785347
361,1p1d,100.0,3.96814404432133,251.74490212326867,46.591966,534.4831449999999,201.14339999999999,444.91332739999996,481.88600464999996,485.5672772799999,129.2545930797901,13.26727697229917,1.05471,26.118385,10.748221,23.0829025,23.929936599999998,25.766602009999996,6.109017846964954,290.8579511412742,74.448297,597.208998,226.26106199999998,473.8227677,548.7552022,552.95381972,137.58725414934938,678.1218739209721,2690.885275323525,94.93871661028759,38.287206502239705,948.1279214191579,93.03865339001038,125.65879068214308,134.70561552744508,167.46462607732403,75.1236321738841,profile,genai_perf_config.yaml,False,100.0,100.0,100.0,100.0,100.0,100.0,0.0,4.0,3.0,4.0,4.0,4.0,4.0,0.17561649628229392,722.0,15.675016588642658,44.610566,0.001421,14.2730105,25.7915361,29.35419334999998,43.44792353,8.3923776527641
371,1p1d,100.0,3.908355795148248,374.4930971644205,47.31469,977.4573369999999,295.2169105,714.7441878,862.2139286,892.67430197,239.28185393243368,18.329731737206085,0.000549,90.875605,8.217278,88.8982692,89.5273092,90.37203785999999,27.905399346940055,427.85058725471697,70.266052,986.2566119999999,317.432049,858.3309783,875.3196037,946.9489893900001,264.03693564668214,509.1051203717478,1989.7639475445667,2653.2283442178073,11.004053288008372,1821493.6247723135,121.69479966480385,248.30518377124596,281.78894117412517,341.7910338196263,67690.27250533148,profile,genai_perf_config.yaml,False,100.0,100.0,100.0,100.0,100.0,100.0,0.0,4.0,1.0,4.0,4.0,4.0,4.0,0.4949450595311433,742.0,14.147315345781465,265.495434,0.001646,10.440424,15.252851999999999,16.539596799999998,211.48584503999388,26.698833756981493
381,1p1d,100.0,4.0,265.5323349448819,52.989535,561.2849709999999,241.1626605,453.4502427,476.52286149999986,503.42467874,121.47504120490125,14.035297686351704,0.0021,27.404401999999997,11.7451565,25.4336181,26.11361429999999,26.963991519999997,6.519217041661299,307.63822797637795,79.65799299999999,636.593886,290.9875275,492.98657519999995,514.98865465,580.4169873299999,130.95011834342216,710.6780498973046,2842.7121995892185,1811.9855222830734,36.49048791504372,476190.4761904762,85.14153028592577,120.50396840820721,163.89504323484,810.693835010853,27419.548949134365,profile,genai_perf_config.yaml,False,100.0,100.0,100.0,100.0,100.0,100.0,0.0,4.0,4.0,4.0,4.0,4.0,4.0,0.0,762.0,21.397876170603674,52.109773999999994,0.003119,16.140805999999998,45.201873299999995,47.596609699999995,50.22602764,13.136041328111633
391,1p1d,100.0,3.9923273657289005,267.7817874117647,37.934289,604.2937469999999,250.9727265,414.2571433,482.5398075999999,529.67496407,129.44626891310753,9.820149797953963,0.689101,21.767522,9.617681,11.5606356,13.53629694999999,21.543439979999995,3.052407966893998,297.088987584399,66.307604,620.8418369999999,267.2476795,447.02682989999994,498.99099214999995,563.4774442099999,127.8938649191552,736.7512928564918,2941.3523482071196,112.98758861929169,45.94000180636087,1451.1660845072058,103.97516989925221,137.95793203425993,186.3323142520868,215.03995205348681,72.86673291228641,profile,genai_perf_config.yaml,False,100.0,100.0,100.0,100.0,100.0,100.0,0.0,4.0,2.0,4.0,4.0,4.0,4.0,0.1236381786728575,782.0,14.031888313299232,49.777997,0.0031409999999999997,12.6147105,17.0017544,20.530013849999992,49.33668743,6.710187566293536
401,1p1d,100.0,3.669576059850374,287.2254048092269,54.887826999999994,594.656532,254.442559,450.4459225,465.18287934999995,515.8948915799999,130.3134980775457,18.680953735380115,0.004644,154.09021199999998,11.516238999999999,25.0395915,27.05200435,152.61298473,25.660735747772872,330.65176485910223,81.294553,628.698463,284.58790949999997,523.4467156999999,530.7123592999999,551.42049196,131.2222194532206,690.0951800439825,2532.3567517075317,398.65015216736816,6.4897048749598705,215331.6106804479,86.83390477580573,114.7747459083998,121.75914747123821,149.37631268097311,8224.444163931183,profile,genai_perf_config.yaml,False,100.0,100.0,100.0,100.0,100.0,100.0,0.0,4.0,1.0,4.0,4.0,4.0,4.0,0.7385346884948336,802.0,25.86061505116959,308.18042399999996,0.003933,15.926808999999999,29.5105348,33.8097079,305.22596963,52.66637540055472
411,1p1d,100.0,4.0,342.03009122262773,35.569803,610.3740339999999,365.976411,533.2671875999999,542.49412875,598.85552571,161.64217341427437,11.950764424574208,0.6618459999999999,26.651726999999998,9.5399155,23.0997653,23.734747799999997,24.891301969999997,6.169068786390341,377.8823844659367,60.834008,640.735812,436.0954615,593.7293113999999,605.0689862,626.02629565,166.83449109071216,521.522297319424,2086.089189277696,121.89812017276047,37.52102068282479,1510.9255023071833,104.82273808314093,129.6187296755993,139.0378077517134,961.8275114830776,154.13256538875646,profile,genai_perf_config.yaml,False,100.0,100.0,100.0,100.0,100.0,100.0,0.0,4.0,4.0,4.0,4.0,4.0,4.0,0.0,822.0,16.36792588564477,54.618005999999994,0.0035689999999999997,11.945309,35.3478855,37.5947546,40.80241093,10.509894326947478
421,1p1d,100.0,3.7624703087885987,376.4503278099762,48.746279,843.058059,344.4015485,601.7851578,764.2234290499999,801.9901378300003,194.7562459649904,31.871152689987937,0.542073,133.135976,10.098434,126.04538799999999,127.21008479999999,129.74667244,45.77449931200908,446.99746367577194,71.178353,860.107808,377.36690799999997,780.6365166999999,832.7581476,839.30461285,238.6195335072983,541.1883830239674,2036.2052225889888,114.77876834854125,7.51111780635461,1844.7699848544385,99.02525480683441,163.29942021756884,222.9410530040424,1103.601236168516,164.06237921337524,profile,genai_perf_config.yaml,False,100.0,100.0,100.0,100.0,100.0,100.0,0.0,4.0,1.0,4.0,4.0,4.0,4.0,0.4855318382794686,842.0,61.109613422195416,266.271951,1.6262189999999999,15.646108,252.09077619999997,254.42017059999998,259.4933456,92.72277116022555
431,1p1d,100.0,3.9814385150812064,317.04670831670535,32.841947999999995,648.010545,301.75904199999997,534.4936726,565.6294712,595.40544019,153.4377245079848,13.509647163573085,0.001277,27.606764,12.3185375,22.6501203,23.5407111,24.957303409999998,5.508860426539516,357.5264786856148,64.463664,715.812556,335.571169,572.7508902999999,629.8027985499999,655.56951706,160.26283273163517,698.2855884221093,2780.181136269929,4965.169634198979,36.22300679645032,783085.3563038372,81.1784685960164,117.505416276964,122.72114908917474,1405.1379908109122,54620.731793871666,profile,genai_perf_config.yaml,False,100.0,100.0,100.0,100.0,100.0,100.0,0.0,4.0,3.0,4.0,4.0,4.0,4.0,0.13497020484685834,862.0,20.293039701856145,58.390767999999994,0.0038299999999999996,16.9563035,35.7151607,37.893699799999986,41.56574025999999,10.622381295265056
441,1p1d,100.0,3.761904761904762,370.8050130657596,44.041613,808.537885,395.544114,517.0745906,552.1760445,798.10154869,158.02743400979716,17.14680288929001,2.5280929999999997,150.803132,10.576597999999999,21.123365,29.6610415,148.5689344,27.376858224140836,412.69483624263034,68.26659699999999,853.9657109999999,420.928455,568.3772727,775.6243994999987,820.5544940999999,172.56090656229551,616.5527235058253,2319.412626521914,98.26568538016149,6.631162010613944,395.5550685833156,94.54836044633635,154.29403382001786,182.86274748659815,298.3766837908218,48.500128568775295,profile,genai_perf_config.yaml,False,100.0,100.0,100.0,100.0,100.0,100.0,0.0,4.0,1.0,4.0,4.0,4.0,4.0,0.7111040249080037,882.0,17.3695984211793,63.303399999999996,0.004075,14.692694,29.463659999999997,46.025001499999995,49.940929800000006,10.244211849400486
451,1p1d,100.0,3.8425720620842574,335.28116149445674,98.58845799999999,589.311968,311.2023245,516.2391131,546.48016775,553.04360828,130.96737443176136,17.83972159090909,0.000926,38.09869,9.691941,31.107124499999994,33.196024699999995,36.69904637,10.7014360139769,385.60627392793793,135.616748,688.593975,354.75289,607.6730267,637.2803584,644.7486388899999,155.6779729876267,647.8817174329266,2489.532186942931,3566.346502441428,26.247621637384384,1079913.6069114471,103.17865991286959,125.64537153736231,131.5584798942105,575.9414895127636,44329.105681653375,profile,genai_perf_config.yaml,False,100.0,100.0,100.0,100.0,100.0,100.0,0.0,4.0,3.0,4.0,4.0,4.0,4.0,0.3642037647791958,902.0,23.90381782926829,60.383012,0.001086,13.561938,49.8565422,52.78839334999999,56.64270241,16.243911047010155
461,1p1d,100.0,3.874186550976139,362.01038743167027,34.228718,752.32641,339.762303,620.8144264,626.4174392499999,686.03245706,192.3052515546313,21.372159818579235,0.010418,146.387658,10.009682999999999,20.3761128,143.320205,144.93450556,36.39220399084524,413.88610208026023,60.426821,931.796075,365.33112,708.4691587,854.34253465,861.83161416,223.19433360757526,628.58892103041,2435.2707439486167,202.45022965230686,6.831176983513187,95987.7135726627,99.90326366978854,131.6084466188532,148.6398663036404,256.4967443617318,3168.7102022713807,profile,genai_perf_config.yaml,False,100.0,100.0,100.0,100.0,100.0,100.0,0.0,4.0,2.0,4.0,4.0,4.0,4.0,0.3568445098979196,922.0,14.559543839344263,54.221131,0.003434,13.125313,22.0169298,24.558837999999994,43.81260246000001,7.12273750934582
471,1p1d,100.0,3.947983014861996,311.8970199787686,38.460445,624.826509,315.840214,495.9125243,550.5798493,621.40987532,150.11621294890503,11.207224278131633,0.774948,31.896089999999997,10.294445999999999,13.7151338,17.37518044999999,31.075563019999997,4.146302673233268,344.67980619957535,67.21779,661.901225,344.93271599999997,530.9725028,581.3976683,657.17419685,150.8509923611888,765.6178077923076,3022.6461010399066,98.79320236312653,31.351805189915126,1290.409162937384,97.1397775302212,119.15930331142064,127.22706443866946,215.10970548413536,48.656652633156924,profile,genai_perf_config.yaml,False,100.0,100.0,100.0,100.0,100.0,100.0,0.0,4.0,3.0,4.0,4.0,4.0,4.0,0.2220612942301222,942.0,16.771107609341826,63.792179999999995,0.003985,14.6011955,25.3315476,34.01955354999988,62.16675191,10.330120450614519
481,1p1d,100.0,3.7453222453222454,418.5938402442827,58.67548,895.8081999999999,366.7427825,773.2489487,781.3472939,852.63678662,231.14695218772445,9.981023702702702,0.00062,27.16318,9.03401,18.152743400000002,19.4911812,25.679230719999996,5.855569677575924,446.2947247172557,83.555865,907.100636,373.247511,787.088997,796.37569415,867.1372666799999,224.88205466099518,643.335087183818,2409.49721322588,31490.241559579965,36.81454086009076,1612903.2258064516,110.69281526143982,289.0752636249666,354.26228864067747,892085.3784246412,168981.44134233854,profile,genai_perf_config.yaml,False,100.0,100.0,100.0,100.0,100.0,100.0,0.0,4.0,1.0,4.0,4.0,4.0,4.0,0.5439173668666575,962.0,17.311952583783782,61.180419,0.001859,13.402579999999999,30.0825746,37.3545568,60.18425356,11.506924146212988
491,1p1d,100.0,3.976578411405295,384.5815844521385,50.267438,820.9581989999999,410.92393749999997,626.3162990999999,691.6381498,817.73916536,179.3014063691826,11.139564580448065,0.001599,24.84301,10.3337115,16.3088017,17.125890549999998,20.062531269999997,3.4347398816660744,417.63789896639514,79.57364199999999,850.5674389999999,449.18650199999996,656.1307443,722.8820274,847.41059529,180.45421889046523,669.4454670833712,2662.102392016868,6364.707327272255,40.252771302672265,625390.8692933082,96.77065299658673,124.33468542466925,129.62719066960125,398859.6977650358,54751.612501386844,profile,genai_perf_config.yaml,False,100.0,100.0,100.0,100.0,100.0,100.0,0.0,4.0,3.0,4.0,4.0,4.0,4.0,0.15123828147134274,982.0,15.881321420570265,64.04672,0.002119,12.892392,28.1718555,30.701940249999996,43.96425293999977,8.763455412972801
501,1p1d,100.0,3.5479041916167664,465.786282017964,35.120281,970.901475,398.52905699999997,872.3583125,893.2838463999999,930.7093719,256.9732649523022,41.03472618957871,1.782678,168.439806,11.76605,159.00720180000002,162.0495938,165.59463662,58.493592592533474,547.5376066676646,63.701142999999995,970.901475,431.9550925,918.9823071,924.8644485499999,931.06559431,293.04313539256174,609.5974804657179,2162.793456143341,73.24952920225854,5.936838944115146,560.95380096686,84.99029661397226,107.31506227439627,120.54388549366482,135.3109399196467,46.33896280652996,profile,genai_perf_config.yaml,False,100.0,100.0,100.0,100.0,100.0,100.0,0.0,4.0,1.0,4.0,4.0,4.0,4.0,0.7149673015724284,1002.0,81.47543140687361,336.879611,1.5997169999999998,20.076297999999998,318.01440360000004,324.0991876,331.18927324,117.78810827615096

