concurrency,deployment_name,input_sequence_length_avg,output_sequence_length_avg,time_to_first_token_avg,time_to_first_token_min,time_to_first_token_max,time_to_first_token_p50,time_to_first_token_p90,time_to_first_token_p95,time_to_first_token_p99,time_to_first_token_std,inter_token_latency_avg,inter_token_latency_min,inter_token_latency_max,inter_token_latency_p50,inter_token_latency_p90,inter_token_latency_p95,inter_token_latency_p99,inter_token_latency_std,request_latency_avg,request_latency_min,request_latency_max,request_latency_p50,request_latency_p90,request_latency_p95,request_latency_p99,request_latency_std,request_throughput_avg,output_token_throughput_avg,output_token_throughput_per_user_avg,output_token_throughput_per_user_min,output_token_throughput_per_user_max,output_token_throughput_per_user_p50,output_token_throughput_per_user_p90,output_token_throughput_per_user_p95,output_token_throughput_per_user_p99,output_token_throughput_per_user_std,output_token_count_avg,output_token_count_min,output_token_count_max,output_token_count_p50,output_token_count_p90,output_token_count_p95,output_token_count_p99,output_token_count_std,benchmark_duration_avg,end_time,error_summary_count,input_config_cli_command,input_sequence_length_max,input_sequence_length_min,input_sequence_length_p50,input_sequence_length_p90,input_sequence_length_p95,input_sequence_length_p99,input_sequence_length_std,inter_chunk_latency_avg,inter_chunk_latency_max,inter_chunk_latency_min,inter_chunk_latency_p50,inter_chunk_latency_p90,inter_chunk_latency_p95,inter_chunk_latency_p99,inter_chunk_latency_std,max_response_timestamp_avg,min_request_timestamp_avg,output_sequence_length_max,output_sequence_length_min,output_sequence_length_p50,output_sequence_length_p90,output_sequence_length_p95,output_sequence_length_p99,output_sequence_length_std,request_count_avg,start_time,time_to_second_token_avg,time_to_second_token_max,time_to_second_token_min,time_to_second_token_p50,time_to_second_token_p90,time_to_second_token_p95,time_to_second_token_p99,time_to_second_token_std,total_isl_avg,total_osl_avg,total_output_tokens_avg,was_cancelled
1,3p1d,5000.0,100.0,148.2499255,147.883182,148.616669,148.2499255,148.5433203,148.57999465,148.60933412999998,0.3667435,6.665305171717171,6.660318353535353,6.670291989898989,6.665305171717171,6.6692946262626265,6.669793308080808,6.670192253535353,0.004986818181818351,808.1151375,807.254699,808.9755759999999,808.1151375,808.8034882999999,808.8895321499999,808.95836723,0.8604385,1.233500095988202,123.35000959882021,150.03072387596288,149.9184745606831,150.14297319124265,150.03072387596288,150.1205233281867,150.13174825971467,150.14072820493706,0.11224931527976878,100.0,100.0,100.0,100.0,100.0,100.0,100.0,0.0,1.621402387,2025-11-13T20:24:02.521830,0,"aiperf profile -m ""/models/deepseek-ai/DeepSeek-R1-Distill-Llama-8B"" --tokenizer ""/models/deepseek-ai/DeepSeek-R1-Distill-Llama-8B"" --endpoint-type ""chat"" --streaming -u ""http://127.0.0.1:8005"" --synthetic-input-tokens-mean 5000 --synthetic-input-tokens-stddev 0 --concurrency 1 --output-tokens-mean 100 --request-count 2 --extra-inputs ""max_tokens:100"" --extra-inputs ""min_tokens:100"" --extra-inputs ""ignore_eos:true"" --artifact-dir ""/workspace/cjworkspace/temp/sglangv2/disagg/disagg3p1d_isl5000_osl100/c1""",5000.0,5000.0,5000.0,5000.0,5000.0,5000.0,0.0,6.665305171717171,8.668319,6.511724,6.6044564999999995,6.7844442,6.815184749999999,7.05858115,0.17913353771396356,1.7630942425197888e+18,1.7630942408983864e+18,100.0,100.0,100.0,100.0,100.0,100.0,0.0,2.0,2025-11-13T20:24:00.896269,7.974663,8.668319,7.281007,7.974663,8.5295878,8.5989534,8.65444588,0.6936559999999999,10000.0,200.0,200.0,False
10,3p1d,5000.1,99.95,382.9151708,149.600644,647.36196,360.24843949999996,573.8336315000001,639.52175725,645.79391945,157.6548142138886,9.003843326566688,8.619344303030303,9.275096525252524,9.005356151515151,9.26598766929499,9.2706762482014,9.274212469842299,0.2069146499539495,1273.83213795,1015.068322,1543.038398,1267.560407,1473.3112504,1542.7972157999998,1542.99016156,163.07052863934618,7.206285000088514,720.2681857588469,111.12266944032186,107.81558954964879,116.01810588404386,111.04714176065778,114.43982101255156,114.9530792514737,115.80510055752983,2.5673027350909754,99.95,99.0,100.0,100.0,100.0,100.0,100.0,0.21794494717703367,2.7753551240000003,2025-11-13T20:24:19.747623,0,"aiperf profile -m ""/models/deepseek-ai/DeepSeek-R1-Distill-Llama-8B"" --tokenizer ""/models/deepseek-ai/DeepSeek-R1-Distill-Llama-8B"" --endpoint-type ""chat"" --streaming -u ""http://127.0.0.1:8005"" --synthetic-input-tokens-mean 5000 --synthetic-input-tokens-stddev 0 --concurrency 10 --output-tokens-mean 100 --request-count 20 --extra-inputs ""max_tokens:100"" --extra-inputs ""min_tokens:100"" --extra-inputs ""ignore_eos:true"" --artifact-dir ""/workspace/cjworkspace/temp/sglangv2/disagg/disagg3p1d_isl5000_osl100/c10""",5001.0,5000.0,5000.0,5000.1,5001.0,5001.0,0.30000000000000004,9.003708611925214,19.537596,6.732393,8.850059,9.7846838,9.9251734,11.815866399999999,1.0444099730014629,1.7630942597454525e+18,1.7630942569700974e+18,100.0,99.0,100.0,100.0,100.0,100.0,0.21794494717703367,20.0,2025-11-13T20:24:16.967266,14.790940899999999,19.537596,8.163005,15.0765695,18.7247351,19.23187555,19.476451909999998,3.215422566710819,100002.0,1999.0,1999.0,False
20,3p1d,5000.1,100.0,502.155269475,62.093177,1032.795146,432.10125,858.8646279999999,972.9817504499997,1032.5276227699999,233.15542443570467,11.11260025479798,10.464541808080806,11.367542656565657,11.175608242424241,11.352721557575757,11.363305626767676,11.366646113535353,0.2214870815732325,1602.3026947,1098.0828159999999,2117.597598,1537.593015,1975.9640306,2069.5086770999997,2117.3385834,242.58397336871636,11.393199820461627,1139.3199820461627,90.02438843783378,87.96976006264825,95.56080126009832,89.48086532484729,92.1204812412954,93.80687473986737,94.94042006287737,1.8293013570513856,100.0,100.0,100.0,100.0,100.0,100.0,100.0,0.0,3.5108661860000003,2025-11-13T20:24:36.769716,0,"aiperf profile -m ""/models/deepseek-ai/DeepSeek-R1-Distill-Llama-8B"" --tokenizer ""/models/deepseek-ai/DeepSeek-R1-Distill-Llama-8B"" --endpoint-type ""chat"" --streaming -u ""http://127.0.0.1:8005"" --synthetic-input-tokens-mean 5000 --synthetic-input-tokens-stddev 0 --concurrency 20 --output-tokens-mean 100 --request-count 40 --extra-inputs ""max_tokens:100"" --extra-inputs ""min_tokens:100"" --extra-inputs ""ignore_eos:true"" --artifact-dir ""/workspace/cjworkspace/temp/sglangv2/disagg/disagg3p1d_isl5000_osl100/c20""",5001.0,5000.0,5000.0,5000.1,5001.0,5001.0,0.3,11.11260025479798,25.414544,6.783395,10.9432955,12.604939199999999,12.8059061,14.662377959999992,1.6765763220224823,1.7630942767679552e+18,1.763094273257089e+18,100.0,100.0,100.0,100.0,100.0,100.0,0.0,40.0,2025-11-13T20:24:33.253889,19.050935775,25.414544,8.73021,19.802996,24.9911408,25.13958825,25.356434,4.52661028037048,200004.0,4000.0,4000.0,False
30,3p1d,5000.0,99.96666666666667,636.0580235666667,68.27695299999999,1871.765768,571.0890089999999,1180.8887707,1404.6080604999995,1752.208264759999,411.97711087706824,12.20775573233182,10.328192676767676,12.863561683673469,12.599072747474748,12.838848129292929,12.839876035353535,12.853200296265719,0.7232577969015455,1844.2049184,1230.270846,3142.866361,1734.380665,2431.50855,2666.5062829999993,3015.671933749999,442.6414991111332,14.184000105006989,1417.9272104971985,82.22588767335091,77.73896721537143,96.82236101669639,79.37092042381443,91.58590846585068,93.89807192690836,95.54644039801998,5.252826322222084,99.96666666666667,99.0,100.0,100.0,100.0,100.0,100.0,0.17950549357115014,4.230118412,2025-11-13T20:24:54.483581,0,"aiperf profile -m ""/models/deepseek-ai/DeepSeek-R1-Distill-Llama-8B"" --tokenizer ""/models/deepseek-ai/DeepSeek-R1-Distill-Llama-8B"" --endpoint-type ""chat"" --streaming -u ""http://127.0.0.1:8005"" --synthetic-input-tokens-mean 5000 --synthetic-input-tokens-stddev 0 --concurrency 30 --output-tokens-mean 100 --request-count 60 --extra-inputs ""max_tokens:100"" --extra-inputs ""min_tokens:100"" --extra-inputs ""ignore_eos:true"" --artifact-dir ""/workspace/cjworkspace/temp/sglangv2/disagg/disagg3p1d_isl5000_osl100/c30""",5000.0,5000.0,5000.0,5000.0,5000.0,5000.0,0.0,12.205558796093618,27.610207,6.729239,12.356233,13.4724744,14.218812199999997,15.933743779999999,1.7314449824960223,1.7630942944817293e+18,1.763094290251611e+18,100.0,99.0,100.0,100.0,100.0,100.0,0.17950549357115014,60.0,2025-11-13T20:24:50.247571,20.906244283333333,27.610207,8.892361,24.248696499999998,26.510524699999998,26.83491305,27.4286404,5.656265514428434,300000.0,5998.0,5998.0,False
40,3p1d,5000.0625,99.9875,814.6829896749999,155.098656,2215.348518,722.8867315,1619.6290195999998,1805.1640277499998,2051.9499242299985,511.6364903196936,13.039236884301458,10.381026828282828,14.355589111111112,13.111225161616161,14.25467801212121,14.311053620707069,14.355375747272728,1.067571765687449,2105.4101885625,1340.200405,3604.5207609999998,2022.8365185,2917.4129985,3129.01289605,3400.6512998899984,541.0373290621394,16.705245844947218,1670.3157689216598,77.25057588923552,69.65927989858722,96.32958439867691,76.2705355134853,86.83093122050573,93.07485535321344,95.09773367876397,6.858268834907628,99.9875,99.0,101.0,100.0,100.0,100.0,100.21,0.19324531042175383,4.788914856,2025-11-13T20:25:12.853769,0,"aiperf profile -m ""/models/deepseek-ai/DeepSeek-R1-Distill-Llama-8B"" --tokenizer ""/models/deepseek-ai/DeepSeek-R1-Distill-Llama-8B"" --endpoint-type ""chat"" --streaming -u ""http://127.0.0.1:8005"" --synthetic-input-tokens-mean 5000 --synthetic-input-tokens-stddev 0 --concurrency 40 --output-tokens-mean 100 --request-count 80 --extra-inputs ""max_tokens:100"" --extra-inputs ""min_tokens:100"" --extra-inputs ""ignore_eos:true"" --artifact-dir ""/workspace/cjworkspace/temp/sglangv2/disagg/disagg3p1d_isl5000_osl100/c40""",5001.0,5000.0,5000.0,5000.0,5001.0,5001.0,0.24206145913796356,13.039294849223387,32.330182,6.874064,12.937861999999999,15.436108199999998,16.1859885,18.20717276,2.1479424170296486,1.7630943128515674e+18,1.7630943080626524e+18,101.0,99.0,100.0,100.0,100.0,100.21,0.19324531042175383,80.0,2025-11-13T20:25:08.058244,22.360153975,32.330182,8.334137,25.020629,29.0492416,29.69302315,32.040133499999996,6.194655147335259,400005.0,7999.0,7999.0,False
50,3p1d,5000.02,99.97,944.31943552,149.197666,2819.966619,823.9625609999999,1832.0982879,2189.362043599999,2816.2018074,658.7154869973183,14.735422850128941,9.035762090909092,16.557810091836735,15.448551782828282,16.46540851212121,16.491227806565657,16.521194470918367,1.8409575696260223,2402.62966348,1085.301849,4448.328707,2114.177924,3437.7184504,3820.941553299999,4443.29602913,739.2945357973223,17.79464422172197,1778.9305828455456,69.14800981568031,60.394460043542594,110.6713512306951,64.73155096587413,84.14935049139727,92.45166974868025,97.39959222595778,10.403282821367956,99.97,98.0,101.0,100.0,100.0,100.0,100.01,0.2628687885618983,5.61966841,2025-11-13T20:25:31.827508,0,"aiperf profile -m ""/models/deepseek-ai/DeepSeek-R1-Distill-Llama-8B"" --tokenizer ""/models/deepseek-ai/DeepSeek-R1-Distill-Llama-8B"" --endpoint-type ""chat"" --streaming -u ""http://127.0.0.1:8005"" --synthetic-input-tokens-mean 5000 --synthetic-input-tokens-stddev 0 --concurrency 50 --output-tokens-mean 100 --request-count 100 --extra-inputs ""max_tokens:100"" --extra-inputs ""min_tokens:100"" --extra-inputs ""ignore_eos:true"" --artifact-dir ""/workspace/cjworkspace/temp/sglangv2/disagg/disagg3p1d_isl5000_osl100/c50""",5001.0,5000.0,5000.0,5000.0,5000.0,5001.0,0.14,14.730406343030303,36.91379,6.589195999999999,15.382567,17.359873,18.2651352,21.29731664,2.834052422291477,1.7630943318255173e+18,1.7630943262058488e+18,101.0,98.0,100.0,100.0,100.0,100.01,0.2628687885618983,100.0,2025-11-13T20:25:26.200866,26.58010517,36.91379,8.213165,27.74137,33.1861934,33.52148585,34.580277830000014,6.877725096941684,500002.0,9997.0,9997.0,False
60,3p1d,5000.016666666666,99.99166666666666,1088.7988972916667,152.73539599999998,2684.068379,922.225921,2081.0640614999998,2270.8953977499996,2597.97604266,638.7029721747101,15.57788832954717,8.875216828282827,17.684169030303032,16.122673156565657,17.641797991919187,17.664778367171717,17.678338524141417,2.106992232166334,2630.9098445,1071.8539899999998,4423.1599479999995,2449.0745629999997,3766.1612426999995,3971.730900249999,4325.60698777,742.7514387515745,19.53159003849747,1952.9962405994263,65.64460202263284,56.547751736959285,112.67330357645803,62.02446606558866,83.15824347505685,91.2469478167524,93.76830543739652,10.896473550763305,99.99166666666666,99.0,100.0,100.0,100.0,100.0,100.0,0.09090593428863096,6.1438930350000005,2025-11-13T20:25:51.428054,0,"aiperf profile -m ""/models/deepseek-ai/DeepSeek-R1-Distill-Llama-8B"" --tokenizer ""/models/deepseek-ai/DeepSeek-R1-Distill-Llama-8B"" --endpoint-type ""chat"" --streaming -u ""http://127.0.0.1:8005"" --synthetic-input-tokens-mean 5000 --synthetic-input-tokens-stddev 0 --concurrency 60 --output-tokens-mean 100 --request-count 120 --extra-inputs ""max_tokens:100"" --extra-inputs ""min_tokens:100"" --extra-inputs ""ignore_eos:true"" --artifact-dir ""/workspace/cjworkspace/temp/sglangv2/disagg/disagg3p1d_isl5000_osl100/c60""",5001.0,5000.0,5000.0,5000.0,5000.0,5000.81,0.12801909579781015,15.582124761283259,39.533325,6.743039,16.0819795,18.651563,20.02179725,22.00328425,3.17573745622064,1.7630943514261786e+18,1.7630943452822853e+18,100.0,99.0,100.0,100.0,100.0,100.0,0.09090593428863096,120.0,2025-11-13T20:25:45.276519,27.831480316666664,39.533325,8.302807,31.575201999999997,36.2016457,36.84145784999999,39.30916961,8.146386945949963,600002.0,11999.0,11999.0,False
70,3p1d,5000.092857142857,100.0,1377.2357773285712,206.296402,3115.889013,1207.215625,2454.5608228,2650.3008701999997,2914.101139829999,658.4298458251004,15.746440930097402,8.957593454545455,17.705056888888887,16.629287146464645,17.618798459595958,17.68221073989899,17.69413683,2.032024897790768,2936.1362815142857,1093.098154,4840.1735579999995,2834.8669474999997,4139.2708138,4343.6317389,4615.712330529998,774.7523800004461,20.622112998084532,2062.211299808453,64.81340490268111,56.48103851208561,111.63712721217087,60.13618490986199,79.73769312856969,85.38052461221947,97.96471007500023,10.285012210104869,100.0,99.0,101.0,100.0,100.0,100.0,100.0,0.11952286093343936,6.78882906,2025-11-13T20:26:11.797078,0,"aiperf profile -m ""/models/deepseek-ai/DeepSeek-R1-Distill-Llama-8B"" --tokenizer ""/models/deepseek-ai/DeepSeek-R1-Distill-Llama-8B"" --endpoint-type ""chat"" --streaming -u ""http://127.0.0.1:8005"" --synthetic-input-tokens-mean 5000 --synthetic-input-tokens-stddev 0 --concurrency 70 --output-tokens-mean 100 --request-count 140 --extra-inputs ""max_tokens:100"" --extra-inputs ""min_tokens:100"" --extra-inputs ""ignore_eos:true"" --artifact-dir ""/workspace/cjworkspace/temp/sglangv2/disagg/disagg3p1d_isl5000_osl100/c70""",5002.0,5000.0,5000.0,5000.0,5001.0,5001.61,0.33586622701453567,15.752152333886682,50.709488,0.014568999999999999,16.249041,18.7654398,19.471453899999997,22.351321919999876,3.0874355068965333,1.7630943717950636e+18,1.7630943650062344e+18,101.0,99.0,100.0,100.0,100.0,100.0,0.11952286093343936,140.0,2025-11-13T20:26:04.999702,27.584698735714284,39.186614,8.26197,31.759832999999997,35.0796362,36.1734922,37.67320623999999,7.950531439405545,700013.0,14000.0,14000.0,False
80,3p1d,5000.00625,100.025,1402.83348086875,123.276063,3363.7624109999997,1161.367875,2919.9040083,2929.5190364,3136.56360689,865.36496432818,17.766384693860072,9.750774787878786,21.1737371010101,17.9383475,21.085623759595958,21.099516798989896,21.15492609888889,2.935546801670495,3162.18977145625,1280.236762,5452.367231,2983.6429395,4694.0629616999995,4910.1290088999995,5200.68509587,980.6835855867986,22.184148015746885,2218.9694052750824,58.14488688408443,47.22831851691851,102.55595291187552,55.74654029647438,72.79655074443896,84.08233166039723,92.619710647357,11.513495028351079,100.025,99.0,102.0,100.0,100.0,100.0,101.0,0.22220486043288973,7.212357215000001,2025-11-13T20:26:32.720001,0,"aiperf profile -m ""/models/deepseek-ai/DeepSeek-R1-Distill-Llama-8B"" --tokenizer ""/models/deepseek-ai/DeepSeek-R1-Distill-Llama-8B"" --endpoint-type ""chat"" --streaming -u ""http://127.0.0.1:8005"" --synthetic-input-tokens-mean 5000 --synthetic-input-tokens-stddev 0 --concurrency 80 --output-tokens-mean 100 --request-count 160 --extra-inputs ""max_tokens:100"" --extra-inputs ""min_tokens:100"" --extra-inputs ""ignore_eos:true"" --artifact-dir ""/workspace/cjworkspace/temp/sglangv2/disagg/disagg3p1d_isl5000_osl100/c80""",5001.0,5000.0,5000.0,5000.0,5000.0,5000.0,0.07880950133074056,18.636014994637538,482.886353,0.007325,19.120857,22.1424,23.2621084,26.52309772,23.47274653294718,1.763094392717978e+18,1.763094385505621e+18,102.0,99.0,100.0,100.0,100.0,101.0,0.22220486043288973,160.0,2025-11-13T20:26:25.498450,28.92210453125,47.741308,0.040047,30.181939999999997,41.544131,44.17573249999999,46.302650039999996,12.817819786921907,800001.0,16004.0,16004.0,False
90,3p1d,5000.044444444445,99.99444444444444,1793.9289598444445,428.097475,4168.793657,1637.8587754999999,3263.4943475,3690.5563152999994,4164.83208397,936.3195532885286,18.090310030492567,10.727097636363636,22.39797892929293,18.674507323232323,22.184084275757577,22.316146377777773,22.373897695151513,3.3706037943303038,3584.7563202722217,1491.102416,6324.289121,3457.2853665,5124.5943815,5673.173694249999,6318.3615174199995,1096.1255652097584,22.13634896516855,2213.511916800382,57.538146306364474,44.64688546930285,93.22186055341886,53.54898629208621,75.05858052374347,85.05208987506374,93.12279463386503,12.397732921073588,99.99444444444444,99.0,100.0,100.0,100.0,100.0,100.0,0.07432826755699809,8.131422227,2025-11-13T20:26:54.481428,0,"aiperf profile -m ""/models/deepseek-ai/DeepSeek-R1-Distill-Llama-8B"" --tokenizer ""/models/deepseek-ai/DeepSeek-R1-Distill-Llama-8B"" --endpoint-type ""chat"" --streaming -u ""http://127.0.0.1:8005"" --synthetic-input-tokens-mean 5000 --synthetic-input-tokens-stddev 0 --concurrency 90 --output-tokens-mean 100 --request-count 180 --extra-inputs ""max_tokens:100"" --extra-inputs ""min_tokens:100"" --extra-inputs ""ignore_eos:true"" --artifact-dir ""/workspace/cjworkspace/temp/sglangv2/disagg/disagg3p1d_isl5000_osl100/c90""",5001.0,5000.0,5000.0,5000.0,5000.0,5001.0,0.20608041101101565,18.08916525684624,66.435929,0.012665,17.8501485,23.6023152,24.834574999999997,27.61757248000001,4.547393656409017,1.7630944144791654e+18,1.7630944063477432e+18,100.0,99.0,100.0,100.0,100.0,100.0,0.07432826755699809,180.0,2025-11-13T20:26:46.340444,30.873101155555553,49.498974,9.573627,30.417274499999998,44.3885196,45.24766835,48.6591468,10.32545280628511,900008.0,17999.0,17999.0,False
100,3p1d,5000.06,100.01,1957.384272265,457.46768799999995,4746.672584999999,1702.7260755,3355.3449398000002,3905.7582362,4344.851042559998,909.6314346518101,18.85520024695491,10.841444333333333,22.971502222222224,19.376429308080805,22.753835981818185,22.821608796464645,22.948154103636366,3.2611936648077156,3824.24255778,1530.770677,6964.884916,3802.200867,5276.0739695,5940.69288195,6461.373981569997,1078.76875971359,22.961204935160566,2296.3501055654083,54.96184970776588,43.532198735902334,92.23863253398615,51.60910451696236,69.6118717203896,81.28827034190556,90.82066695865241,11.407057947080162,100.01,99.0,101.0,100.0,100.0,100.0,101.0,0.14106735979665888,8.710344277,2025-11-13T20:27:16.704552,0,"aiperf profile -m ""/models/deepseek-ai/DeepSeek-R1-Distill-Llama-8B"" --tokenizer ""/models/deepseek-ai/DeepSeek-R1-Distill-Llama-8B"" --endpoint-type ""chat"" --streaming -u ""http://127.0.0.1:8005"" --synthetic-input-tokens-mean 5000 --synthetic-input-tokens-stddev 0 --concurrency 100 --output-tokens-mean 100 --request-count 200 --extra-inputs ""max_tokens:100"" --extra-inputs ""min_tokens:100"" --extra-inputs ""ignore_eos:true"" --artifact-dir ""/workspace/cjworkspace/temp/sglangv2/disagg/disagg3p1d_isl5000_osl100/c100""",5002.0,5000.0,5000.0,5000.0,5000.0,5002.0,0.29393876913398137,18.857154399141415,50.807494,6.988684,19.2099735,24.1424517,25.418197449999997,27.878785699999998,4.449691324337658,1.763094436702524e+18,1.7630944279921797e+18,101.0,99.0,100.0,100.0,100.0,101.0,0.14106735979665888,200.0,2025-11-13T20:27:07.984406,32.32837015,50.807494,9.316901999999999,32.8214705,46.5084072,48.0367749,49.19002429,9.933848679559949,1000012.0,20002.0,20002.0,False
110,3p1d,5000.059090909091,100.0,2134.626847613636,287.688762,4857.284256999999,1898.0137915,3585.9396486999995,4032.8883029,4580.39403564,902.9189988790085,19.42871731182943,9.044953282828283,24.000725202020202,19.95038279292929,23.748020025252522,23.940500556060602,23.978107545353534,3.589498072911688,4058.0702068772725,1183.139137,7230.467529,4018.8673479999998,5683.1314368,6251.6394732,6898.37857753,1138.1741876167998,23.25725019931992,2325.725019931992,53.6394944983837,41.665407673424276,110.55889054711714,50.124735288030635,68.93197988598789,80.88677984036494,92.60904989047829,12.143606935544708,100.0,99.0,101.0,100.0,100.0,100.0,100.0,0.13483997249264842,9.4594158,2025-11-13T20:27:40.477135,0,"aiperf profile -m ""/models/deepseek-ai/DeepSeek-R1-Distill-Llama-8B"" --tokenizer ""/models/deepseek-ai/DeepSeek-R1-Distill-Llama-8B"" --endpoint-type ""chat"" --streaming -u ""http://127.0.0.1:8005"" --synthetic-input-tokens-mean 5000 --synthetic-input-tokens-stddev 0 --concurrency 110 --output-tokens-mean 100 --request-count 220 --extra-inputs ""max_tokens:100"" --extra-inputs ""min_tokens:100"" --extra-inputs ""ignore_eos:true"" --artifact-dir ""/workspace/cjworkspace/temp/sglangv2/disagg/disagg3p1d_isl5000_osl100/c110""",5002.0,5000.0,5000.0,5000.0,5000.0,5002.0,0.3318804424776693,19.429612885715596,52.914151999999994,6.5547189999999995,19.667396999999998,24.6199292,25.883696299999997,28.526249960000012,4.623280567329219,1.7630944604751703e+18,1.7630944510157545e+18,101.0,99.0,100.0,100.0,100.0,100.0,0.13483997249264842,220.0,2025-11-13T20:27:31.007383,33.260473636363635,52.914151999999994,7.923958,36.3381555,46.92543319999999,48.42101709999999,50.80627856,10.975538470777211,1100013.0,22000.0,22000.0,False
120,3p1d,5000.0,100.0,2376.3102005124997,461.814918,4513.785844,2186.4470685,3724.8368336,4124.958754149999,4454.14127776,919.1758802949888,19.272555549809933,10.645172909090908,23.469455242424242,19.78702422222222,23.289652989898986,23.39936441010101,23.46112355949495,3.460333763505306,4284.344275108333,1515.687036,6836.275487999999,4248.174398499999,5913.836296899999,6393.729009899998,6771.06487072,1175.5352001432573,23.715623970345423,2371.5623970345423,53.970836123492745,42.608573129228986,93.93929140840977,50.53817031127731,71.14095670720872,80.38183880076868,92.60741342668419,11.91383689322972,100.0,99.0,101.0,100.0,100.0,100.0,100.0,0.12909944487358055,10.119910836,2025-11-13T20:28:04.057701,0,"aiperf profile -m ""/models/deepseek-ai/DeepSeek-R1-Distill-Llama-8B"" --tokenizer ""/models/deepseek-ai/DeepSeek-R1-Distill-Llama-8B"" --endpoint-type ""chat"" --streaming -u ""http://127.0.0.1:8005"" --synthetic-input-tokens-mean 5000 --synthetic-input-tokens-stddev 0 --concurrency 120 --output-tokens-mean 100 --request-count 240 --extra-inputs ""max_tokens:100"" --extra-inputs ""min_tokens:100"" --extra-inputs ""ignore_eos:true"" --artifact-dir ""/workspace/cjworkspace/temp/sglangv2/disagg/disagg3p1d_isl5000_osl100/c120""",5000.0,5000.0,5000.0,5000.0,5000.0,5000.0,0.0,19.935056284140874,485.79493299999996,0.0065969999999999996,19.884031999999998,24.251694,25.7233125,31.933139299999915,23.150012805643417,1.7630944840557768e+18,1.7630944739358659e+18,101.0,99.0,100.0,100.0,100.0,100.0,0.12909944487358055,240.0,2025-11-13T20:27:53.927166,35.65761869583333,485.79493299999996,0.008853999999999999,33.8236385,46.8916779,48.31004149999999,201.85676093999632,46.63856479838711,1200000.0,24000.0,24000.0,False
130,3p1d,5000.038461538462,99.99230769230769,2560.9746729115386,491.12859899999995,4823.19697,2414.1493729999997,3951.2091032,4100.8536532,4593.725320260001,897.3347532217139,20.257862782202324,10.662992585858586,23.69583794949495,21.765279010101008,23.183775634343434,23.466647146969695,23.665992219191917,3.370464333409589,4566.3390046,1546.7648649999999,7046.687736999999,4472.0487445,6187.5595328,6332.432577,6810.011751250001,1152.0378228166587,24.296919707354366,2429.5050713530723,51.18756440689866,42.20150399962175,93.78230285241072,45.944875893883875,66.35107000390343,76.83757209708703,92.22209928815651,11.226415783951568,99.99230769230769,99.0,100.0,100.0,100.0,100.0,100.0,0.08736782070461958,10.700944940000001,2025-11-13T20:28:28.235900,0,"aiperf profile -m ""/models/deepseek-ai/DeepSeek-R1-Distill-Llama-8B"" --tokenizer ""/models/deepseek-ai/DeepSeek-R1-Distill-Llama-8B"" --endpoint-type ""chat"" --streaming -u ""http://127.0.0.1:8005"" --synthetic-input-tokens-mean 5000 --synthetic-input-tokens-stddev 0 --concurrency 130 --output-tokens-mean 100 --request-count 260 --extra-inputs ""max_tokens:100"" --extra-inputs ""min_tokens:100"" --extra-inputs ""ignore_eos:true"" --artifact-dir ""/workspace/cjworkspace/temp/sglangv2/disagg/disagg3p1d_isl5000_osl100/c130""",5001.0,5000.0,5000.0,5000.0,5000.0,5001.0,0.19230769230769232,20.25935367730028,51.701791,6.606529999999999,20.855365499999998,24.9525875,26.15033875,28.659693500000014,4.554660443893379,1.763094508233973e+18,1.763094497533028e+18,100.0,99.0,100.0,100.0,100.0,100.0,0.08736782070461958,260.0,2025-11-13T20:28:17.523138,34.915911603846155,51.701791,8.532055999999999,40.072981999999996,47.5097075,48.588861949999995,50.83075746,11.118571108866698,1300010.0,25998.0,25998.0,False
140,3p1d,5000.039285714286,100.0,2971.105192953571,321.514641,5598.812932,2825.234418,4482.995902199999,5043.96818095,5401.98521109,1080.4715204208655,19.63777206048296,8.95199814141414,24.129604686868685,20.634905641414143,22.668250330303028,22.898624264646465,23.71790808787879,3.001588983686649,4915.239256671429,1207.762457,7687.977938,4961.0328875,6526.935725699999,7107.55852435,7475.734298619999,1299.5627378457048,24.10162601554495,2410.162601554495,52.53091497055292,41.44286709115459,111.70690433611178,48.46157370308188,66.30106754176789,77.77776236272128,92.78509903961343,10.82861782092568,100.0,99.0,101.0,100.0,100.0,100.0,100.0,0.11952286093343936,11.617473436000001,2025-11-13T20:28:53.561527,0,"aiperf profile -m ""/models/deepseek-ai/DeepSeek-R1-Distill-Llama-8B"" --tokenizer ""/models/deepseek-ai/DeepSeek-R1-Distill-Llama-8B"" --endpoint-type ""chat"" --streaming -u ""http://127.0.0.1:8005"" --synthetic-input-tokens-mean 5000 --synthetic-input-tokens-stddev 0 --concurrency 140 --output-tokens-mean 100 --request-count 280 --extra-inputs ""max_tokens:100"" --extra-inputs ""min_tokens:100"" --extra-inputs ""ignore_eos:true"" --artifact-dir ""/workspace/cjworkspace/temp/sglangv2/disagg/disagg3p1d_isl5000_osl100/c140""",5001.0,5000.0,5000.0,5000.0,5000.0,5001.0,0.19427389669941642,20.101829314660264,311.89417499999996,0.006581999999999999,19.87605,23.5114798,25.02346445,33.819770679999934,17.702859242110392,1.7630945335597724e+18,1.763094521942299e+18,101.0,99.0,100.0,100.0,100.0,100.0,0.11952286093343936,280.0,2025-11-13T20:28:41.931896,33.16308996428571,247.470669,0.008745,34.596257,44.3927911,47.1623578,50.125903689999994,16.855314371706214,1400011.0,28000.0,28000.0,False
150,3p1d,5000.0233333333335,100.00333333333333,3384.2959352533335,320.012333,6700.1662719999995,3287.486466,5012.3030678,5382.206095800001,6691.0723551599995,1269.4842083133776,19.28400642623536,8.729146181818182,23.78484007070707,19.722040035353533,23.22086607070707,23.59470276010101,23.765247796767675,3.058062990430572,5293.476589613333,1184.197805,8767.458093,5388.7746744999995,7070.6876511,7422.37908805,8758.408215209998,1470.027829534183,24.09632359816572,2409.7126808952326,53.40107379277689,42.04358730297202,114.55874139018157,50.70469378455928,65.17175515477368,72.7149868210456,92.65051742345462,10.106007216062665,100.00333333333333,99.0,101.0,100.0,100.0,100.0,100.0,0.09994442900376634,12.450032005,2025-11-13T20:29:19.639289,0,"aiperf profile -m ""/models/deepseek-ai/DeepSeek-R1-Distill-Llama-8B"" --tokenizer ""/models/deepseek-ai/DeepSeek-R1-Distill-Llama-8B"" --endpoint-type ""chat"" --streaming -u ""http://127.0.0.1:8005"" --synthetic-input-tokens-mean 5000 --synthetic-input-tokens-stddev 0 --concurrency 150 --output-tokens-mean 100 --request-count 300 --extra-inputs ""max_tokens:100"" --extra-inputs ""min_tokens:100"" --extra-inputs ""ignore_eos:true"" --artifact-dir ""/workspace/cjworkspace/temp/sglangv2/disagg/disagg3p1d_isl5000_osl100/c150""",5002.0,5000.0,5000.0,5000.0,5000.0,5001.01,0.20685475312133608,19.284653074343435,272.286886,0.006754,19.449092,24.223751,25.3237838,28.393871959999927,5.942467309519893,1.763094559427438e+18,1.763094546977406e+18,101.0,99.0,100.0,100.0,100.0,100.0,0.09994442900376634,300.0,2025-11-13T20:29:06.966150,34.31885429333334,51.548458,8.02237,35.8601465,46.4381492,47.60676495,49.571459219999994,9.57111711024448,1500007.0,30001.0,30001.0,False
160,3p1d,5000.040625,99.990625,3418.40972891875,531.596354,6268.462957,3455.595262,4937.688268700001,5438.108086550001,5935.41106433,1159.1340639195266,20.157958286859987,10.698635626262625,23.195356616161614,21.287935297979796,22.66991115858586,22.9950211540404,23.181525475050503,2.922742774073677,5413.87212755,1591.424415,8545.24339,5583.575565499999,7101.3305482000005,7614.5058557500015,8168.27078551,1408.2203465555199,24.90824230671642,2490.5907159000167,51.00388195423865,43.112076979374365,93.46986241359934,46.97496427858786,62.3611495388354,70.11898558921239,91.20674465075216,9.860003535913295,99.990625,99.0,100.0,100.0,100.0,100.0,100.0,0.09636964965693297,12.847153005000001,2025-11-13T20:29:45.987759,0,"aiperf profile -m ""/models/deepseek-ai/DeepSeek-R1-Distill-Llama-8B"" --tokenizer ""/models/deepseek-ai/DeepSeek-R1-Distill-Llama-8B"" --endpoint-type ""chat"" --streaming -u ""http://127.0.0.1:8005"" --synthetic-input-tokens-mean 5000 --synthetic-input-tokens-stddev 0 --concurrency 160 --output-tokens-mean 100 --request-count 320 --extra-inputs ""max_tokens:100"" --extra-inputs ""min_tokens:100"" --extra-inputs ""ignore_eos:true"" --artifact-dir ""/workspace/cjworkspace/temp/sglangv2/disagg/disagg3p1d_isl5000_osl100/c160""",5001.0,5000.0,5000.0,5000.0,5000.0,5001.0,0.19741988090108856,20.15745841157901,52.322488,6.69628,20.504082999999998,24.3753389,25.6406051,28.40173766,4.1043739169327464,1.7630945859857357e+18,1.7630945731385828e+18,100.0,99.0,100.0,100.0,100.0,100.0,0.09636964965693297,320.0,2025-11-13T20:29:33.127076,34.394407059375,52.322488,8.912535,37.73558,46.3872273,47.651385649999995,49.17681895,10.319025286994101,1600013.0,31997.0,31997.0,False
170,3p1d,5000.044117647059,100.00294117647059,3554.646775367647,558.832784,6154.697755,3624.949067,5008.175062300004,5560.30338885,6041.85211892,1183.2283407041282,20.97533181909542,6.5084005454545455,24.98137749494949,21.799725833333333,23.81671112727273,24.01450842222222,24.240185042626262,3.141336123547166,5631.205961329411,1206.6044399999998,8497.74302,5810.8210739999995,7378.015669100002,7863.210413649999,8380.44138097,1445.5763630534475,25.26333158068896,2526.40746198531,49.22836522735608,40.029818219678674,153.6475810018174,45.8721581849115,60.64232250815841,67.46351736172994,91.3570065858164,11.078967971739653,100.00294117647059,99.0,101.0,100.0,100.0,100.0,100.0,0.1212321402677938,13.458240807000001,2025-11-13T20:30:13.609600,0,"aiperf profile -m ""/models/deepseek-ai/DeepSeek-R1-Distill-Llama-8B"" --tokenizer ""/models/deepseek-ai/DeepSeek-R1-Distill-Llama-8B"" --endpoint-type ""chat"" --streaming -u ""http://127.0.0.1:8005"" --synthetic-input-tokens-mean 5000 --synthetic-input-tokens-stddev 0 --concurrency 170 --output-tokens-mean 100 --request-count 340 --extra-inputs ""max_tokens:100"" --extra-inputs ""min_tokens:100"" --extra-inputs ""ignore_eos:true"" --artifact-dir ""/workspace/cjworkspace/temp/sglangv2/disagg/disagg3p1d_isl5000_osl100/c170""",5001.0,5000.0,5000.0,5000.0,5000.0,5001.0,0.2053564712318962,20.99842736302531,301.725769,0.0068639999999999994,21.07648,25.1450322,26.4822788,30.307154299999915,11.593088141021141,1.7630946136076833e+18,1.7630946001494423e+18,101.0,99.0,100.0,100.0,100.0,100.0,0.1212321402677938,340.0,2025-11-13T20:30:00.137563,36.30676897058824,238.336956,0.008967,39.695206999999996,47.811273799999995,48.687865249999994,50.81631941,15.521501941771737,1700015.0,34001.0,34001.0,False
180,3p1d,5000.025,99.99722222222222,3953.153585136111,276.86276,6892.224206,4145.8754069999995,5604.6324436,6126.43047485,6831.96976747,1362.5389875381686,20.317190400595102,8.112615636363635,26.328505737373735,21.00365228282828,23.535961387878785,23.81112121161616,25.089146903232322,3.1191842889749846,5964.505932027778,1080.011708,9118.936445,6315.207810999999,7696.1419901,8247.178508649999,9037.11239044,1596.8851384089605,25.092853532479452,2509.2156508770217,50.721249249634404,37.9816465839337,123.26480691598937,47.610768806366195,64.34225059363496,72.30321330886831,87.06031006404498,10.174184399202419,99.99722222222222,99.0,101.0,100.0,100.0,100.0,100.0,0.09124482058698247,14.346714276,2025-11-13T20:30:41.477048,0,"aiperf profile -m ""/models/deepseek-ai/DeepSeek-R1-Distill-Llama-8B"" --tokenizer ""/models/deepseek-ai/DeepSeek-R1-Distill-Llama-8B"" --endpoint-type ""chat"" --streaming -u ""http://127.0.0.1:8005"" --synthetic-input-tokens-mean 5000 --synthetic-input-tokens-stddev 0 --concurrency 180 --output-tokens-mean 100 --request-count 360 --extra-inputs ""max_tokens:100"" --extra-inputs ""min_tokens:100"" --extra-inputs ""ignore_eos:true"" --artifact-dir ""/workspace/cjworkspace/temp/sglangv2/disagg/disagg3p1d_isl5000_osl100/c180""",5001.0,5000.0,5000.0,5000.0,5000.0,5001.0,0.15612494995995996,20.727281298477127,316.143594,0.13188,20.471636,24.5984779,25.842805349999995,31.567927589999748,13.45126761237985,1.763094641475182e+18,1.7630946271284677e+18,101.0,99.0,100.0,100.0,100.0,100.0,0.09124482058698247,360.0,2025-11-13T20:30:27.115297,35.067125927777774,58.544211999999995,0.13188,38.6748495,46.9139815,48.05256315,49.59167467000003,10.35786661284524,1800009.0,35999.0,35999.0,False
190,3p1d,5000.028947368421,99.99736842105263,4173.093966681579,293.128576,6970.2430699999995,4341.167671499999,5721.2219628,6318.87899155,6907.49202628,1388.9176255617067,20.885728743723313,7.833570373737373,23.983752707070707,22.389110752525255,23.7446235050505,23.872881523232323,23.95646367373737,3.48607749973967,6240.747413060526,1068.652043,9161.781192999999,6532.1930345,7997.186298200001,8573.12153715,9115.88752761,1672.8494682368953,25.25755323443867,2525.6888561985133,49.768728175294136,41.69489288076205,127.65571154534773,44.66460410481234,64.39841409363363,72.61450876207037,91.47482558954849,11.7211132960582,99.99736842105263,99.0,102.0,100.0,100.0,100.0,100.0,0.15387425164256546,15.045004418000001,2025-11-13T20:31:09.982167,0,"aiperf profile -m ""/models/deepseek-ai/DeepSeek-R1-Distill-Llama-8B"" --tokenizer ""/models/deepseek-ai/DeepSeek-R1-Distill-Llama-8B"" --endpoint-type ""chat"" --streaming -u ""http://127.0.0.1:8005"" --synthetic-input-tokens-mean 5000 --synthetic-input-tokens-stddev 0 --concurrency 190 --output-tokens-mean 100 --request-count 380 --extra-inputs ""max_tokens:100"" --extra-inputs ""min_tokens:100"" --extra-inputs ""ignore_eos:true"" --artifact-dir ""/workspace/cjworkspace/temp/sglangv2/disagg/disagg3p1d_isl5000_osl100/c190""",5001.0,5000.0,5000.0,5000.0,5000.0,5001.0,0.1676586361704892,20.892052478834287,54.121179999999995,0.137676,21.6049935,25.2495466,26.4315015,28.98484235,4.533306008369107,1.763094669980351e+18,1.7630946549353467e+18,102.0,99.0,100.0,100.0,100.0,100.0,0.15387425164256546,380.0,2025-11-13T20:30:54.922271,35.39627878157895,54.121179999999995,0.137676,38.186062,47.9797995,49.16801735,50.879028959999985,10.725481309769254,1900011.0,37999.0,37999.0,False
200,3p1d,5000.0425,100.0,4499.520629244999,596.934945,7285.820468,4692.660644,6099.7346042,6766.786080949999,7191.308034819999,1486.6848237483632,21.00397732296799,10.744563323232322,24.42395917171717,22.765326863636368,23.756303619191918,23.90925602121212,24.052650662424238,3.2251978094598295,6578.9545196025,1662.121969,9633.318323,6958.2543135,8400.7208041,9135.4826048,9566.792940199999,1777.129979302846,25.218162452620703,2521.8162452620704,49.11232922216621,40.94340286803276,93.07032495566945,43.92645502327163,62.38549822906307,69.56592673088126,90.37738970491087,10.02307385852253,100.0,99.0,101.0,100.0,100.0,100.0,100.0,0.1,15.861583918000001,2025-11-13T20:31:39.265531,0,"aiperf profile -m ""/models/deepseek-ai/DeepSeek-R1-Distill-Llama-8B"" --tokenizer ""/models/deepseek-ai/DeepSeek-R1-Distill-Llama-8B"" --endpoint-type ""chat"" --streaming -u ""http://127.0.0.1:8005"" --synthetic-input-tokens-mean 5000 --synthetic-input-tokens-stddev 0 --concurrency 200 --output-tokens-mean 100 --request-count 400 --extra-inputs ""max_tokens:100"" --extra-inputs ""min_tokens:100"" --extra-inputs ""ignore_eos:true"" --artifact-dir ""/workspace/cjworkspace/temp/sglangv2/disagg/disagg3p1d_isl5000_osl100/c200""",5002.0,5000.0,5000.0,5000.0,5000.0,5002.0,0.2563079202833966,21.299673661186652,338.316922,0.760326,21.431269,25.250066,26.3875335,29.5334215,12.338061812683144,1.7630946992636554e+18,1.7630946834020716e+18,101.0,99.0,100.0,100.0,100.0,100.0,0.1,400.0,2025-11-13T20:31:23.388811,36.7760955825,338.316922,0.760326,40.5410195,48.275098299999996,49.3553035,51.333027439999995,18.743597678954565,2000017.0,40000.0,40000.0,False
210,3p1d,5000.021428571428,100.00238095238095,4660.134847961905,275.63314299999996,7761.442504,5022.9785455,6496.358852699999,6997.7478101499955,7464.738312709999,1597.7311688518735,21.189919345093017,8.443147252525252,26.508983867346938,22.462995333333332,23.96322804848485,24.11579403989899,24.37462897393939,3.242411198578655,6757.989380588096,1113.2669489999998,10115.758488,7333.578058,8717.9795045,9275.850737149993,9800.452006329999,1869.154078102793,25.664546911541613,2566.5157972182365,48.787951536441625,37.723060416200006,118.43924665661976,44.51766058409093,61.68861231066767,70.67763210302434,90.78366798638848,10.881102925160906,100.00238095238095,99.0,101.0,100.0,100.0,100.0,101.0,0.1759167758291988,16.364987913,2025-11-13T20:32:09.407811,0,"aiperf profile -m ""/models/deepseek-ai/DeepSeek-R1-Distill-Llama-8B"" --tokenizer ""/models/deepseek-ai/DeepSeek-R1-Distill-Llama-8B"" --endpoint-type ""chat"" --streaming -u ""http://127.0.0.1:8005"" --synthetic-input-tokens-mean 5000 --synthetic-input-tokens-stddev 0 --concurrency 210 --output-tokens-mean 100 --request-count 420 --extra-inputs ""max_tokens:100"" --extra-inputs ""min_tokens:100"" --extra-inputs ""ignore_eos:true"" --artifact-dir ""/workspace/cjworkspace/temp/sglangv2/disagg/disagg3p1d_isl5000_osl100/c210""",5001.0,5000.0,5000.0,5000.0,5000.0,5001.0,0.14480810666223778,21.451499822345035,286.511663,0.006918,21.589282,25.4789244,26.682298899999996,33.936349729999606,12.941398104593516,1.7630947294059185e+18,1.7630947130409306e+18,101.0,99.0,100.0,100.0,100.0,101.0,0.1759167758291988,420.0,2025-11-13T20:31:53.026930,36.70807515238095,226.040009,0.009623999999999999,40.2984935,48.361937,49.16511175,51.13123391,14.516209078872665,2100009.0,42001.0,42001.0,False
220,3p1d,5000.043181818181,100.00681818181818,4961.633495284091,343.797896,8173.305748,5426.555649,6641.4520831,7151.899475049999,7930.87340109,1710.0348218669928,21.18898134777231,9.290386494949495,24.09671921212121,22.580739464646467,23.700047810101008,23.869262888888887,24.06209344979798,3.050799779453223,7059.407959890909,1263.546159,10393.297166999999,7621.767819,8979.9137241,9453.436206749997,10162.88750285,1959.9802202021212,25.585989685174564,2558.7734184471283,48.52599166794278,41.499425344881665,107.63814837451886,44.285530358783355,60.16559049335787,67.83390847170054,85.79695372756804,9.544474031893753,100.00681818181818,98.0,102.0,100.0,100.0,100.0,101.0,0.1964430605367821,17.19691149,2025-11-13T20:32:40.225579,0,"aiperf profile -m ""/models/deepseek-ai/DeepSeek-R1-Distill-Llama-8B"" --tokenizer ""/models/deepseek-ai/DeepSeek-R1-Distill-Llama-8B"" --endpoint-type ""chat"" --streaming -u ""http://127.0.0.1:8005"" --synthetic-input-tokens-mean 5000 --synthetic-input-tokens-stddev 0 --concurrency 220 --output-tokens-mean 100 --request-count 440 --extra-inputs ""max_tokens:100"" --extra-inputs ""min_tokens:100"" --extra-inputs ""ignore_eos:true"" --artifact-dir ""/workspace/cjworkspace/temp/sglangv2/disagg/disagg3p1d_isl5000_osl100/c220""",5001.0,5000.0,5000.0,5000.0,5000.0,5001.0,0.20326620171669119,21.192560142053544,55.817007,6.593648,21.501925,25.215461400000002,26.353029149999998,29.212985220000004,4.156484369851232,1.7630947602236936e+18,1.7630947430267822e+18,102.0,98.0,100.0,100.0,100.0,101.0,0.1964430605367821,440.0,2025-11-13T20:32:23.010791,36.470436975,55.817007,8.10055,40.3306495,47.8390311,48.786479549999996,49.93172964,9.998258331609089,2200019.0,44003.0,44003.0,False
230,3p1d,5000.015217391305,99.99565217391304,5165.947622484782,344.977518,8382.881354,5685.971273,6917.141644200002,7511.229337549999,8170.162957779999,1788.5523770980556,20.968049728861835,8.655910323232323,23.648674224489795,22.232228823232322,23.28063797171717,23.392126833838383,23.522466401313128,2.902406336492595,7241.680515045652,1201.91264,10654.52343,7876.635499999999,9132.445895600002,9794.015715450001,10449.871274839998,2029.3586374938736,25.96183869386827,2596.0709918272887,48.98348202560358,42.28566855407194,115.52799909629564,44.97974899176742,61.15180192962988,67.57103594833282,87.79807436746833,9.656955994773856,99.99565217391304,99.0,101.0,100.0,100.0,100.0,100.0,0.13180440340194885,17.718313615,2025-11-13T20:33:11.661468,0,"aiperf profile -m ""/models/deepseek-ai/DeepSeek-R1-Distill-Llama-8B"" --tokenizer ""/models/deepseek-ai/DeepSeek-R1-Distill-Llama-8B"" --endpoint-type ""chat"" --streaming -u ""http://127.0.0.1:8005"" --synthetic-input-tokens-mean 5000 --synthetic-input-tokens-stddev 0 --concurrency 230 --output-tokens-mean 100 --request-count 460 --extra-inputs ""max_tokens:100"" --extra-inputs ""min_tokens:100"" --extra-inputs ""ignore_eos:true"" --artifact-dir ""/workspace/cjworkspace/temp/sglangv2/disagg/disagg3p1d_isl5000_osl100/c230""",5001.0,5000.0,5000.0,5000.0,5000.0,5001.0,0.12241659326348771,21.169208082873293,295.297989,0.021785,21.171747,24.990668199999998,26.072768,29.67971807999995,10.034366595766324,1.7630947916595712e+18,1.7630947739412577e+18,101.0,99.0,100.0,100.0,100.0,100.0,0.13180440340194885,460.0,2025-11-13T20:32:53.926044,35.8886981,54.543236,0.11696799999999999,40.698535,47.5120001,48.3597137,50.04252123999999,10.988874893466278,2300007.0,45998.0,45998.0,False
240,3p1d,5000.035416666667,100.00208333333333,5378.42847273125,295.6905,8522.536075,6026.83447,7253.0701213,7709.476856299999,8432.101135449999,1852.7327074439172,21.183665496616506,9.297403343434343,24.755717050505048,22.48022676262626,23.82539187979798,23.982524807070703,24.18645619717171,3.2081302287464313,7475.635783797916,1216.133431,10826.260151,8285.513296,9513.8503648,10044.543370599999,10682.20636035,2122.2720006432173,25.85544469471287,2585.5983349810676,48.74152344459524,40.39470955173155,107.55691272727042,44.48353741891949,63.73087252623908,72.51240541779376,91.09541353572509,10.383177537540352,100.00208333333333,99.0,101.0,100.0,100.0,100.0,101.0,0.16455695991223088,18.564755148,2025-11-13T20:33:44.014860,0,"aiperf profile -m ""/models/deepseek-ai/DeepSeek-R1-Distill-Llama-8B"" --tokenizer ""/models/deepseek-ai/DeepSeek-R1-Distill-Llama-8B"" --endpoint-type ""chat"" --streaming -u ""http://127.0.0.1:8005"" --synthetic-input-tokens-mean 5000 --synthetic-input-tokens-stddev 0 --concurrency 240 --output-tokens-mean 100 --request-count 480 --extra-inputs ""max_tokens:100"" --extra-inputs ""min_tokens:100"" --extra-inputs ""ignore_eos:true"" --artifact-dir ""/workspace/cjworkspace/temp/sglangv2/disagg/disagg3p1d_isl5000_osl100/c240""",5001.0,5000.0,5000.0,5000.0,5000.0,5001.0,0.18483053424390922,21.39007074310484,302.130791,0.36685599999999996,21.5292685,25.2308135,26.406599899999996,29.727545059999997,11.24473075004267,1.7630948240129244e+18,1.7630948054481692e+18,101.0,99.0,100.0,100.0,100.0,101.0,0.16455695991223088,480.0,2025-11-13T20:33:25.430599,35.75534322291667,302.130791,3.4542669999999998,39.174028,47.822478499999995,48.821569249999996,50.69377377,16.42245161875141,2400017.0,48001.0,48001.0,False
250,3p1d,5000.034,99.994,5754.815453437999,380.71921399999997,9191.901533999999,6326.433779999999,7664.520299999999,8369.44834985,8783.490204389998,1938.9001491213667,21.045330820111932,8.850964626262625,26.11304315151515,22.058767434343434,23.2798256969697,23.505263256565655,24.777142648484848,2.7715342006501964,7838.171686324,1256.964712,11378.644139,8542.64767,9874.6483851,10603.059282449998,10987.830871189999,2161.0795995894982,25.943897795875117,2594.2341162007365,48.6972490461301,38.29503877421415,112.98203554365081,45.33344879822239,59.53591068278224,68.29457100475679,90.05737995921399,9.225592725959316,99.994,99.0,100.0,100.0,100.0,100.0,100.0,0.07722693830523131,19.272354676000003,2025-11-13T20:34:17.220653,0,"aiperf profile -m ""/models/deepseek-ai/DeepSeek-R1-Distill-Llama-8B"" --tokenizer ""/models/deepseek-ai/DeepSeek-R1-Distill-Llama-8B"" --endpoint-type ""chat"" --streaming -u ""http://127.0.0.1:8005"" --synthetic-input-tokens-mean 5000 --synthetic-input-tokens-stddev 0 --concurrency 250 --output-tokens-mean 100 --request-count 500 --extra-inputs ""max_tokens:100"" --extra-inputs ""min_tokens:100"" --extra-inputs ""ignore_eos:true"" --artifact-dir ""/workspace/cjworkspace/temp/sglangv2/disagg/disagg3p1d_isl5000_osl100/c250""",5001.0,5000.0,5000.0,5000.0,5000.0,5001.0,0.18122913673027305,21.269154615383044,328.527835,0.021845,21.220492999999998,24.883591,25.91330875,29.267594,11.147152969970387,1.7630948572188785e+18,1.7630948379465236e+18,100.0,99.0,100.0,100.0,100.0,100.0,0.07722693830523131,500.0,2025-11-13T20:33:57.928152,37.32661022999999,328.527835,2.512791,40.9962515,47.321785,48.41460615,51.226729299999995,21.291997764175683,2500017.0,49997.0,49997.0,False
260,3p1d,5000.0211538461535,99.99230769230769,5963.630514851922,409.070166,9604.922870999999,6672.5081279999995,7856.7904487,8617.209988349996,9431.199426029998,2053.3312544320934,21.437338851324352,7.493492181818182,24.42219098989899,22.27157525757576,23.97609447575757,24.185145105050502,24.340568716161616,3.09380486268355,8085.73784891923,1150.925892,11975.490721999999,8971.974175,10102.6221472,10871.015644349996,11779.71238028,2308.657289825255,26.127542007819958,2612.5532196896283,48.0534724097471,40.946367195867055,133.44912835518102,44.90028156701325,61.5651272011836,68.60175528941527,86.07680029692587,10.148214202365477,99.99230769230769,99.0,101.0,100.0,100.0,100.0,100.0,0.1517160224870463,19.902369685,2025-11-13T20:34:50.845477,0,"aiperf profile -m ""/models/deepseek-ai/DeepSeek-R1-Distill-Llama-8B"" --tokenizer ""/models/deepseek-ai/DeepSeek-R1-Distill-Llama-8B"" --endpoint-type ""chat"" --streaming -u ""http://127.0.0.1:8005"" --synthetic-input-tokens-mean 5000 --synthetic-input-tokens-stddev 0 --concurrency 260 --output-tokens-mean 100 --request-count 520 --extra-inputs ""max_tokens:100"" --extra-inputs ""min_tokens:100"" --extra-inputs ""ignore_eos:true"" --artifact-dir ""/workspace/cjworkspace/temp/sglangv2/disagg/disagg3p1d_isl5000_osl100/c260""",5001.0,5000.0,5000.0,5000.0,5000.0,5001.0,0.14389704981946494,21.444175240774207,80.169692,0.007958999999999999,21.833403999999998,25.456287,26.688747499999995,29.34346321999998,4.246817588240684,1.7630948908434417e+18,1.763094870941072e+18,101.0,99.0,100.0,100.0,100.0,100.0,0.1517160224870463,520.0,2025-11-13T20:34:30.922844,36.89264709230769,78.661003,0.157183,40.745577,48.2718559,49.179992399999996,50.81447086,10.540907010510999,2600011.0,51996.0,51996.0,False
270,3p1d,5000.012962962963,99.98518518518519,6413.426765598148,704.502214,10463.255269,7064.279431999999,8451.1245893,9257.747186999997,10079.99448705,2066.9911425587347,21.337180243416515,6.260436515151516,24.17778111111111,22.06093104040404,23.742794237373733,23.897340523737373,24.1309541769697,2.8794979336654922,8525.478292216665,1324.285429,12714.112127,9341.7877865,10626.0623893,11393.633193599999,12277.73594108,2291.662196159337,25.830487150920522,2582.666041208335,48.13248406868467,41.36028841540141,159.73327060817545,45.32900345606858,59.39880107838184,67.32734635903239,87.85790408018921,9.96833374869596,99.98518518518519,96.0,101.0,100.0,100.0,100.0,100.0,0.2102973269122724,20.905529069,2025-11-13T20:35:25.664650,0,"aiperf profile -m ""/models/deepseek-ai/DeepSeek-R1-Distill-Llama-8B"" --tokenizer ""/models/deepseek-ai/DeepSeek-R1-Distill-Llama-8B"" --endpoint-type ""chat"" --streaming -u ""http://127.0.0.1:8005"" --synthetic-input-tokens-mean 5000 --synthetic-input-tokens-stddev 0 --concurrency 270 --output-tokens-mean 100 --request-count 540 --extra-inputs ""max_tokens:100"" --extra-inputs ""min_tokens:100"" --extra-inputs ""ignore_eos:true"" --artifact-dir ""/workspace/cjworkspace/temp/sglangv2/disagg/disagg3p1d_isl5000_osl100/c270""",5001.0,5000.0,5000.0,5000.0,5000.0,5001.0,0.11311465225241074,21.343036180436773,50.823223,0.016874,21.569717999999998,25.256063400000002,26.4567414,28.884818959999997,4.0296053492514226,1.76309492566228e+18,1.7630949047567508e+18,101.0,96.0,100.0,100.0,100.0,100.0,0.2102973269122724,540.0,2025-11-13T20:35:04.737343,37.014272322222226,50.823223,0.12914799999999999,40.978642,47.911114399999995,49.09200994999999,50.13330728,9.803808538646289,2700007.0,53992.0,53992.0,False
280,3p1d,5000.044642857143,100.0,6597.4296097,751.676782,10382.683509999999,7384.0678595,8660.3104113,9428.411190699999,10146.489574829999,2222.5443444117077,21.96851418314215,5.423950909090909,24.72983982653061,22.916974398989897,24.421113794949495,24.587582923737372,24.640307204848487,3.0927050501429276,8772.32842887857,1288.6479219999999,12732.196840999999,9731.2626375,10969.9109136,11691.490337549998,12491.913371879999,2476.434470969771,25.975225137884365,2597.5225137884368,46.92416373137231,40.43697844444517,184.3674503624161,43.63578050673233,56.85869345548167,66.16746450410125,90.89841534791776,10.82579952862519,100.0,99.0,101.0,100.0,100.0,100.0,100.0,0.10350983390135313,21.559004668,2025-11-13T20:36:01.113356,0,"aiperf profile -m ""/models/deepseek-ai/DeepSeek-R1-Distill-Llama-8B"" --tokenizer ""/models/deepseek-ai/DeepSeek-R1-Distill-Llama-8B"" --endpoint-type ""chat"" --streaming -u ""http://127.0.0.1:8005"" --synthetic-input-tokens-mean 5000 --synthetic-input-tokens-stddev 0 --concurrency 280 --output-tokens-mean 100 --request-count 560 --extra-inputs ""max_tokens:100"" --extra-inputs ""min_tokens:100"" --extra-inputs ""ignore_eos:true"" --artifact-dir ""/workspace/cjworkspace/temp/sglangv2/disagg/disagg3p1d_isl5000_osl100/c280""",5001.0,5000.0,5000.0,5000.0,5000.0,5001.0,0.206518455468221,21.98731498095427,104.276618,0.064098,22.449403,25.9360862,27.014382599999994,30.625889880000003,4.656027589582114,1.7630949611113626e+18,1.763094939552358e+18,101.0,99.0,100.0,100.0,100.0,100.0,0.10350983390135313,560.0,2025-11-13T20:35:39.533135,38.198836175,104.276618,0.9942519999999999,42.149481,48.678560499999996,49.5928702,51.298276489999985,10.829351082551058,2800025.0,56000.0,56000.0,False
290,3p1d,5000.043103448276,99.9948275862069,6991.30243395,643.851949,10975.791878,7824.26348,9197.8799851,10009.903393049999,10653.60978722,2388.292051952447,21.117182195428875,9.868543343434343,24.420334616161615,22.43021692929293,23.910512865656564,24.23325169040404,24.334816248181824,2.9583261311989317,9081.780757751723,1620.83774,13191.974961,10091.4314975,11454.8947136,12333.059827149998,12911.06090221,2638.5823859558964,25.903069805109983,2590.172999115455,48.575410172506295,40.94947983792942,101.33207761258014,44.582716393940665,57.96100992055741,66.07426036978127,87.5128743615574,8.972180775174422,99.9948275862069,98.0,101.0,100.0,100.0,100.0,100.0,0.1244607870570617,22.391168474,2025-11-13T20:36:37.804745,0,"aiperf profile -m ""/models/deepseek-ai/DeepSeek-R1-Distill-Llama-8B"" --tokenizer ""/models/deepseek-ai/DeepSeek-R1-Distill-Llama-8B"" --endpoint-type ""chat"" --streaming -u ""http://127.0.0.1:8005"" --synthetic-input-tokens-mean 5000 --synthetic-input-tokens-stddev 0 --concurrency 290 --output-tokens-mean 100 --request-count 580 --extra-inputs ""max_tokens:100"" --extra-inputs ""min_tokens:100"" --extra-inputs ""ignore_eos:true"" --artifact-dir ""/workspace/cjworkspace/temp/sglangv2/disagg/disagg3p1d_isl5000_osl100/c290""",5002.0,5000.0,5000.0,5000.0,5000.0,5001.21,0.24886782876660846,21.347185249568646,311.153735,0.059727999999999996,21.3403675,25.3073514,26.503924499999997,29.190451869999993,9.231346119757335,1.7630949978027896e+18,1.763094975411621e+18,101.0,98.0,100.0,100.0,100.0,100.0,0.1244607870570617,580.0,2025-11-13T20:36:15.391159,36.90673088793103,309.84385,2.570862,39.779002,48.0453191,49.140704549999995,50.46696318000001,15.31994277131164,2900025.0,57997.0,57997.0,False
300,3p1d,5000.036666666667,99.97833333333334,7090.968189941666,757.9350559999999,11394.797518,8076.4687539999995,9137.235580300001,10050.769024999996,10858.917674569999,2430.2629821123337,21.546402491943393,10.8515721010101,23.772359636363635,22.6034433989899,23.4768492010101,23.55956194090909,23.68514242302083,2.713656366118901,9223.613892673333,1832.2406939999998,13684.109762,10297.6140065,11437.4983553,12285.380464099995,13190.34480648,2645.4944564818306,26.211285746490507,2620.5606634578767,47.44472616816378,42.06566008997859,92.1525462570457,44.24104706608237,55.66914968262749,65.81386698317235,82.59569689022744,8.399719291567386,99.97833333333334,97.0,101.0,100.0,100.0,100.0,100.0,0.19458645607772626,22.890903018000003,2025-11-13T20:37:14.521913,0,"aiperf profile -m ""/models/deepseek-ai/DeepSeek-R1-Distill-Llama-8B"" --tokenizer ""/models/deepseek-ai/DeepSeek-R1-Distill-Llama-8B"" --endpoint-type ""chat"" --streaming -u ""http://127.0.0.1:8005"" --synthetic-input-tokens-mean 5000 --synthetic-input-tokens-stddev 0 --concurrency 300 --output-tokens-mean 100 --request-count 600 --extra-inputs ""max_tokens:100"" --extra-inputs ""min_tokens:100"" --extra-inputs ""ignore_eos:true"" --artifact-dir ""/workspace/cjworkspace/temp/sglangv2/disagg/disagg3p1d_isl5000_osl100/c300""",5001.0,5000.0,5000.0,5000.0,5000.0,5001.0,0.18794207145347266,21.755401017375927,322.15346999999997,0.007908,21.789845,25.495874999999998,26.6989584,30.149201359999978,9.314699882574809,1.7630950345199094e+18,1.7630950116290063e+18,101.0,97.0,100.0,100.0,100.0,100.0,0.19458645607772626,600.0,2025-11-13T20:36:51.608403,36.846871955,54.816520999999995,2.476054,41.429016,48.05676389999999,48.75877325,50.49378607,10.713613572873683,3000022.0,59987.0,59987.0,False
310,3p1d,5000.017741935484,99.99516129032259,7373.635539343549,558.643522,11555.285935,8419.1384155,9532.322837200001,10451.52679975,11266.937891109998,2524.149389448731,21.72426220661463,8.994446686868686,24.358003444444442,22.666599318181817,23.986210723232325,24.062858779292927,24.276749577878785,2.777010949083857,9524.227518116128,1449.093744,13821.772691999999,10691.836116,11733.2639012,12685.60110385,13523.595648939998,2742.734217597665,26.227834940187513,2622.6565851400087,47.10540084836334,41.05426794444761,111.17971286215256,44.11777834150584,55.81911299797588,65.42926902508847,83.70653525821713,8.670333202506416,99.99516129032259,99.0,101.0,100.0,100.0,100.0,100.0,0.10614569925014773,23.639008001,2025-11-13T20:37:51.937665,0,"aiperf profile -m ""/models/deepseek-ai/DeepSeek-R1-Distill-Llama-8B"" --tokenizer ""/models/deepseek-ai/DeepSeek-R1-Distill-Llama-8B"" --endpoint-type ""chat"" --streaming -u ""http://127.0.0.1:8005"" --synthetic-input-tokens-mean 5000 --synthetic-input-tokens-stddev 0 --concurrency 310 --output-tokens-mean 100 --request-count 620 --extra-inputs ""max_tokens:100"" --extra-inputs ""min_tokens:100"" --extra-inputs ""ignore_eos:true"" --artifact-dir ""/workspace/cjworkspace/temp/sglangv2/disagg/disagg3p1d_isl5000_osl100/c310""",5002.0,5000.0,5000.0,5000.0,5000.0,5001.0,0.16463468214199534,21.9001219834275,305.056564,0.013016,22.032085,25.6153586,26.7414599,29.62733093,8.901726220313693,1.7630950719358467e+18,1.7630950482968387e+18,101.0,99.0,100.0,100.0,100.0,100.0,0.10614569925014773,620.0,2025-11-13T20:37:28.274003,37.47287027096774,55.079609,1.8766209999999999,41.72719,48.3295497,49.3102939,50.79351036999999,10.870599784680431,3100011.0,61997.0,61997.0,False
320,3p1d,5000.0203125,100.0,7714.465402410937,788.1518269999999,12082.509637,8744.604591,10083.6094722,10782.812132749998,11791.3864504,2632.4395941359376,21.407803171264195,7.256404787878788,26.271053858585855,22.431332505050502,23.46453445353535,23.61407649696969,25.386166248585862,2.9917169424678853,9833.829167985936,1507.1238839999999,14184.423624,10996.735534,12315.345583,12986.25361835,13917.013174849999,2863.097054742841,26.225057765725758,2622.505776572576,48.10550052294846,38.064708229174514,137.80929113414615,44.5804993067142,60.822497796099455,73.19467263444753,83.52975545272629,10.401074951931875,100.0,99.0,102.0,100.0,100.0,100.0,100.0,0.125,24.404140716,2025-11-13T20:38:30.148397,0,"aiperf profile -m ""/models/deepseek-ai/DeepSeek-R1-Distill-Llama-8B"" --tokenizer ""/models/deepseek-ai/DeepSeek-R1-Distill-Llama-8B"" --endpoint-type ""chat"" --streaming -u ""http://127.0.0.1:8005"" --synthetic-input-tokens-mean 5000 --synthetic-input-tokens-stddev 0 --concurrency 320 --output-tokens-mean 100 --request-count 640 --extra-inputs ""max_tokens:100"" --extra-inputs ""min_tokens:100"" --extra-inputs ""ignore_eos:true"" --artifact-dir ""/workspace/cjworkspace/temp/sglangv2/disagg/disagg3p1d_isl5000_osl100/c320""",5001.0,5000.0,5000.0,5000.0,5000.0,5001.0,0.1410670136628333,21.67073237315269,303.565523,0.22384099999999998,21.696758,25.779470999999997,27.016816499999997,30.681866899999996,10.057738750076354,1.7630951101459924e+18,1.7630950857418516e+18,102.0,99.0,100.0,100.0,100.0,100.0,0.125,640.0,2025-11-13T20:38:05.718751,36.659074940625,56.745011999999996,0.23374499999999998,41.1614175,47.6470786,48.884096549999995,51.642905049999996,10.38364687724864,3200013.0,64000.0,64000.0,False
330,3p1d,5000.039393939394,100.0030303030303,7976.015504531818,787.8116809999999,12261.599386,9091.132142,10381.623461,11093.87434779999,12072.021438259999,2733.634283531072,21.53260098060465,10.806066202020201,26.230493545454546,22.617491338383836,23.782857886868687,23.939275189393936,24.798360121616152,2.7200691000040123,10107.818381621211,1857.9592329999998,14544.308454999999,11378.02212,12653.136878299998,13374.72308299999,14345.326551819999,2964.431249065343,26.237743194351513,2623.8538277478615,47.460915280599544,38.123567834021514,92.54061388343607,44.21357044709147,57.17173939050335,63.10566620030584,83.2002990568742,8.292084768611776,100.0030303030303,98.0,102.0,100.0,100.0,100.0,101.0,0.19845593127312655,25.154602479,2025-11-13T20:39:09.055695,0,"aiperf profile -m ""/models/deepseek-ai/DeepSeek-R1-Distill-Llama-8B"" --tokenizer ""/models/deepseek-ai/DeepSeek-R1-Distill-Llama-8B"" --endpoint-type ""chat"" --streaming -u ""http://127.0.0.1:8005"" --synthetic-input-tokens-mean 5000 --synthetic-input-tokens-stddev 0 --concurrency 330 --output-tokens-mean 100 --request-count 660 --extra-inputs ""max_tokens:100"" --extra-inputs ""min_tokens:100"" --extra-inputs ""ignore_eos:true"" --artifact-dir ""/workspace/cjworkspace/temp/sglangv2/disagg/disagg3p1d_isl5000_osl100/c330""",5001.0,5000.0,5000.0,5000.0,5000.0,5001.0,0.19453034964489735,21.675677448799124,315.938231,0.777615,21.619253,25.462237,26.6691935,29.949749500000003,9.631685800691345,1.7630951490537938e+18,1.7630951238991913e+18,102.0,98.0,100.0,100.0,100.0,101.0,0.19845593127312655,660.0,2025-11-13T20:38:43.876981,36.79972113939394,52.286552,1.3263399999999999,41.3065655,48.2918411,49.10782495,50.626883789999994,11.09958060703291,3300026.0,66002.0,66002.0,False
340,3p1d,5000.02205882353,100.00147058823529,8165.347664639706,618.324498,12705.628126,9435.317559,10549.0826932,11302.308532349998,12283.514048500003,2815.3685657121428,21.511966459687567,8.849036545454545,23.84185594949495,22.398147156565656,23.303090273737375,23.57256687222222,23.7887387110101,2.550618925744965,10295.050524244118,1494.3791159999998,14888.155278999999,11652.372905,12784.091336399999,13472.812869399997,14463.250344210011,2997.0640057642163,26.426967607775126,2642.7356239651713,47.4605137108136,41.943043449232114,113.00665274274029,44.64655013798697,56.50708986546859,65.26198712604102,84.86407339412217,8.431456855425003,100.00147058823529,99.0,102.0,100.0,100.0,100.0,100.0,0.15810704402474363,25.731291236,2025-11-13T20:39:48.602211,0,"aiperf profile -m ""/models/deepseek-ai/DeepSeek-R1-Distill-Llama-8B"" --tokenizer ""/models/deepseek-ai/DeepSeek-R1-Distill-Llama-8B"" --endpoint-type ""chat"" --streaming -u ""http://127.0.0.1:8005"" --synthetic-input-tokens-mean 5000 --synthetic-input-tokens-stddev 0 --concurrency 340 --output-tokens-mean 100 --request-count 680 --extra-inputs ""max_tokens:100"" --extra-inputs ""min_tokens:100"" --extra-inputs ""ignore_eos:true"" --artifact-dir ""/workspace/cjworkspace/temp/sglangv2/disagg/disagg3p1d_isl5000_osl100/c340""",5002.0,5000.0,5000.0,5000.0,5000.0,5001.0,0.19046814480865612,21.67247230748855,311.880435,1.014048,21.556361,25.2206667,26.399228049999994,29.555809449999984,9.52182945058779,1.7630951885993034e+18,1.763095162868012e+18,102.0,99.0,100.0,100.0,100.0,100.0,0.15810704402474363,680.0,2025-11-13T20:39:22.844494,37.32011246029412,311.880435,1.158028,41.371539999999996,47.698945200000004,48.7097357,50.376713,14.576661695788042,3400015.0,68001.0,68001.0,False
350,3p1d,5000.007142857143,99.99857142857142,8497.271979925714,534.040976,12824.485069999999,9820.747599,11079.1707799,11818.6204559,12485.247017729998,2961.929195578681,21.6655369798838,9.228006292929294,25.77815104040404,22.45368287373737,23.606519395959594,23.71566668565244,24.44761554949495,2.639104671317798,10642.109177775714,1447.613599,15094.769843999999,12049.556697,13315.7718797,14151.0876354,14818.722290149999,3160.798443558058,26.35170863872912,2635.133218574857,47.1490724498595,38.792541731663555,108.36576918745953,44.53612759272379,56.45847376746113,64.24541129918164,84.16649377066354,8.374828043728947,99.99857142857142,97.0,102.0,100.0,100.0,100.0,100.00999999999999,0.21711935963089662,26.563742397000002,2025-11-13T20:40:28.763554,0,"aiperf profile -m ""/models/deepseek-ai/DeepSeek-R1-Distill-Llama-8B"" --tokenizer ""/models/deepseek-ai/DeepSeek-R1-Distill-Llama-8B"" --endpoint-type ""chat"" --streaming -u ""http://127.0.0.1:8005"" --synthetic-input-tokens-mean 5000 --synthetic-input-tokens-stddev 0 --concurrency 350 --output-tokens-mean 100 --request-count 700 --extra-inputs ""max_tokens:100"" --extra-inputs ""min_tokens:100"" --extra-inputs ""ignore_eos:true"" --artifact-dir ""/workspace/cjworkspace/temp/sglangv2/disagg/disagg3p1d_isl5000_osl100/c350""",5001.0,5000.0,5000.0,5000.0,5000.0,5000.0,0.08421304373251139,21.803456847153644,301.14312,0.18342599999999998,21.8648065,25.539158699999998,26.678701649999997,32.58584785,8.481896344025854,1.7630952287615432e+18,1.7630952021978007e+18,102.0,97.0,100.0,100.0,100.0,100.00999999999999,0.21711935963089662,700.0,2025-11-13T20:40:02.174174,38.680696358571424,301.14312,1.701684,41.5665915,48.083560799999994,49.0448091,51.157576899999995,19.975756518405017,3500005.0,69999.0,69999.0,False
360,3p1d,5000.0263888888885,99.99305555555556,8830.619154530556,658.088343,13495.712362999999,10227.170307,11504.8620419,12152.31187165,12965.074728829997,3076.2585015356412,21.483175471634937,9.102787212121212,25.023586585858585,22.520255318181817,23.54562891919192,23.737664022727273,24.613497066464646,2.719718554088405,10957.2904390125,1559.264277,15683.258980999999,12411.39187,13691.045621299998,14438.99168385,15170.156404079999,3259.4533616677145,26.236136137649524,2623.4314183751076,47.62125146081237,39.96229703399605,109.85646227876296,44.40446992814503,56.417499568280455,67.15186449743008,84.65419134669219,8.700852156249965,99.99305555555556,98.0,101.0,100.0,100.0,100.0,100.0,0.13419139408663125,27.443065405000002,2025-11-13T20:41:09.875491,0,"aiperf profile -m ""/models/deepseek-ai/DeepSeek-R1-Distill-Llama-8B"" --tokenizer ""/models/deepseek-ai/DeepSeek-R1-Distill-Llama-8B"" --endpoint-type ""chat"" --streaming -u ""http://127.0.0.1:8005"" --synthetic-input-tokens-mean 5000 --synthetic-input-tokens-stddev 0 --concurrency 360 --output-tokens-mean 100 --request-count 720 --extra-inputs ""max_tokens:100"" --extra-inputs ""min_tokens:100"" --extra-inputs ""ignore_eos:true"" --artifact-dir ""/workspace/cjworkspace/temp/sglangv2/disagg/disagg3p1d_isl5000_osl100/c360""",5001.0,5000.0,5000.0,5000.0,5000.0,5001.0,0.16028884999306336,21.647039299172967,317.844401,0.970897,21.57356,25.431597999999997,26.695955600000005,29.727069740000065,9.618827851682976,1.763095269873512e+18,1.7630952424304466e+18,101.0,98.0,100.0,100.0,100.0,100.0,0.13419139408663125,720.0,2025-11-13T20:40:42.405264,37.77952505416667,58.917753,4.0996749999999995,41.751458,47.780630099999996,48.930716849999996,50.37378322999999,9.904221533876736,3600019.0,71995.0,71995.0,False
370,3p1d,5000.0,99.99594594594595,9008.43563340946,891.69281,13668.14913,10460.510334999999,11470.3721217,12485.310792799997,13356.538124540002,3111.204874996706,21.740261340972875,7.69559205050505,26.307708323232323,22.63241857070707,23.673542336363635,23.813280638888887,24.588513425353533,2.6551641838297986,11160.630011714864,1659.0600239999999,15985.558289999999,12734.634455,13766.353602899999,14789.524543949996,15687.950314150003,3317.22036512155,26.454055582107546,2645.298312039476,47.00631516133846,38.01167276576882,129.94451803540852,44.18440960485125,55.47597424366738,63.95966833541264,84.79482547207053,8.560982863506124,99.99594594594595,99.0,101.0,100.0,100.0,100.0,100.0,0.13248068618970227,27.973026582000003,2025-11-13T20:41:51.488703,0,"aiperf profile -m ""/models/deepseek-ai/DeepSeek-R1-Distill-Llama-8B"" --tokenizer ""/models/deepseek-ai/DeepSeek-R1-Distill-Llama-8B"" --endpoint-type ""chat"" --streaming -u ""http://127.0.0.1:8005"" --synthetic-input-tokens-mean 5000 --synthetic-input-tokens-stddev 0 --concurrency 370 --output-tokens-mean 100 --request-count 740 --extra-inputs ""max_tokens:100"" --extra-inputs ""min_tokens:100"" --extra-inputs ""ignore_eos:true"" --artifact-dir ""/workspace/cjworkspace/temp/sglangv2/disagg/disagg3p1d_isl5000_osl100/c370""",5000.0,5000.0,5000.0,5000.0,5000.0,5000.0,0.0,21.914931817126032,375.118113,0.11075,21.71692,25.556732399999998,26.806690799999995,30.64004807999999,11.180901492245688,1.7630953114861514e+18,1.7630952835131249e+18,101.0,99.0,100.0,100.0,100.0,100.0,0.13248068618970227,740.0,2025-11-13T20:41:23.487907,37.93571394864865,372.955357,0.11075,41.8142995,47.6417734,48.91076619999999,50.82226044,16.06776838235016,3700000.0,73997.0,73997.0,False
380,3p1d,5000.022368421052,99.98815789473684,9367.093109403948,650.9304159999999,14446.176683,10901.305473499999,12215.106472899999,12717.971899199998,13920.204978299997,3270.727617173936,21.413639664570674,8.70469393939394,26.264617404040404,22.010741767676766,23.410094305050503,23.533508585353534,25.104033453737372,2.6441695826886518,11486.794820840789,1512.6951159999999,16446.830452,13095.954737,14436.2087741,14947.335414649997,16047.783200669997,3442.3429983235524,26.20778169876553,2620.4678145669623,47.725394040388636,38.074036435275296,114.88054685925286,45.43236569670809,55.869753227152266,67.29688479075917,82.69845090012203,8.546703297526145,99.98815789473684,98.0,101.0,100.0,100.0,100.0,100.0,0.14909119892055286,28.999020548,2025-11-13T20:42:34.383081,0,"aiperf profile -m ""/models/deepseek-ai/DeepSeek-R1-Distill-Llama-8B"" --tokenizer ""/models/deepseek-ai/DeepSeek-R1-Distill-Llama-8B"" --endpoint-type ""chat"" --streaming -u ""http://127.0.0.1:8005"" --synthetic-input-tokens-mean 5000 --synthetic-input-tokens-stddev 0 --concurrency 380 --output-tokens-mean 100 --request-count 760 --extra-inputs ""max_tokens:100"" --extra-inputs ""min_tokens:100"" --extra-inputs ""ignore_eos:true"" --artifact-dir ""/workspace/cjworkspace/temp/sglangv2/disagg/disagg3p1d_isl5000_osl100/c380""",5001.0,5000.0,5000.0,5000.0,5000.0,5001.0,0.14787858124909017,21.584689498117505,350.39849999999996,0.956448,21.338386,25.123925999999997,26.387406900000002,31.43094204000001,10.232901323260132,1.7630953543812275e+18,1.763095325382207e+18,101.0,98.0,100.0,100.0,100.0,100.0,0.14909119892055286,760.0,2025-11-13T20:42:05.356121,37.28283564078947,59.802433,4.735014,41.101395,47.31328439999999,48.4645297,50.823794369999995,9.86533074878091,3800017.0,75991.0,75991.0,False
390,3p1d,5000.0,99.9948717948718,9560.298562530768,706.0694689999999,14459.723408,11220.6282195,12304.022866399999,13051.262138,14307.518118060001,3335.903672024654,21.708910835453153,8.848632111111112,24.56308855670103,22.061251737373738,24.055190814141415,24.181107995959593,24.354212648181818,2.7231944052262405,11709.391553429487,1582.084048,16615.6781,13514.234246999999,14522.1761937,15225.466955799999,16473.00526864,3528.1289941627633,26.453844116057493,2645.2487508666927,47.10141175543486,40.711492681045236,113.01181780902758,45.328345474280596,55.643940859979935,65.92492397959502,83.65887141128275,8.561582046851091,99.9948717948718,98.0,103.0,100.0,100.0,100.0,100.0,0.1825021502489666,29.48531777,2025-11-13T20:43:17.724933,0,"aiperf profile -m ""/models/deepseek-ai/DeepSeek-R1-Distill-Llama-8B"" --tokenizer ""/models/deepseek-ai/DeepSeek-R1-Distill-Llama-8B"" --endpoint-type ""chat"" --streaming -u ""http://127.0.0.1:8005"" --synthetic-input-tokens-mean 5000 --synthetic-input-tokens-stddev 0 --concurrency 390 --output-tokens-mean 100 --request-count 780 --extra-inputs ""max_tokens:100"" --extra-inputs ""min_tokens:100"" --extra-inputs ""ignore_eos:true"" --artifact-dir ""/workspace/cjworkspace/temp/sglangv2/disagg/disagg3p1d_isl5000_osl100/c390""",5000.0,5000.0,5000.0,5000.0,5000.0,5000.0,0.0,21.840660485218432,289.38883899999996,0.786117,21.801970999999998,25.516834,26.791794499999998,30.0674785,8.272440059207817,1.7630953977230213e+18,1.7630953682377037e+18,103.0,98.0,100.0,100.0,100.0,100.0,0.1825021502489666,780.0,2025-11-13T20:42:48.210888,37.38878243461538,59.662923,2.4713149999999997,41.435991,48.24334579999999,49.36443419999999,50.93277114,10.372701107630318,3900000.0,77996.0,77996.0,False
400,3p1d,5000.02875,100.0,9830.672880344999,907.084658,15283.951221,11671.090977,12621.2388116,13155.092079549997,14513.94412801,3543.7925289315135,21.459766669413074,6.863375111111111,25.473575999999998,21.8976832020202,23.393886707070706,23.59367806212121,24.032221067373737,2.236580290545125,11955.1840808125,1586.558794,17431.509717999998,13808.9720905,14901.4992022,15410.963855399998,16584.674101509998,3688.0662713681295,26.51165313155077,2651.165313155077,47.31881411186767,39.25636510555094,145.70091009321362,45.66693157046417,54.011971277672785,60.362256352979685,75.9712291912592,7.288503382058641,100.0,99.0,102.0,100.0,100.0,100.0,100.0,0.1224744871391589,30.175409886,2025-11-13T20:44:01.611398,0,"aiperf profile -m ""/models/deepseek-ai/DeepSeek-R1-Distill-Llama-8B"" --tokenizer ""/models/deepseek-ai/DeepSeek-R1-Distill-Llama-8B"" --endpoint-type ""chat"" --streaming -u ""http://127.0.0.1:8005"" --synthetic-input-tokens-mean 5000 --synthetic-input-tokens-stddev 0 --concurrency 400 --output-tokens-mean 100 --request-count 800 --extra-inputs ""max_tokens:100"" --extra-inputs ""min_tokens:100"" --extra-inputs ""ignore_eos:true"" --artifact-dir ""/workspace/cjworkspace/temp/sglangv2/disagg/disagg3p1d_isl5000_osl100/c400""",5001.0,5000.0,5000.0,5000.0,5000.0,5001.0,0.16710307447799994,21.59357837571307,315.355283,0.007149,21.260571,25.1395518,26.2956902,29.61118451999999,8.820298663460262,1.7630954416095122e+18,1.7630954114341023e+18,102.0,99.0,100.0,100.0,100.0,100.0,0.1224744871391589,800.0,2025-11-13T20:43:31.405461,37.28969749875,315.355283,0.81358,40.7754585,47.6900971,48.756886349999995,49.98879421,14.102463106146818,4000023.0,80000.0,80000.0,False
410,3p1d,5000.024390243902,99.99512195121952,9991.502243160976,927.329354,14988.570458,11878.8089435,12679.921420800001,13513.354032199999,14716.888774469999,3571.8053655367708,21.634597501799664,10.71968103030303,24.59910678787879,22.025513792929292,23.52437008989899,23.86885934393939,24.164885375757574,2.1443784599444484,12133.220809068293,1989.417246,17380.964337999998,14061.78385,14987.945789799998,15752.699477649998,17066.93552869,3715.3411344354927,26.703788144457782,2670.248552064586,46.87572685349818,40.651882550985555,93.2863577911638,45.40189208558448,50.99539633244205,57.770083688427874,82.83928458404597,6.7846688813264455,99.99512195121952,99.0,101.0,100.0,100.0,100.0,100.0,0.11032373539413311,30.707253801,2025-11-13T20:44:46.151868,0,"aiperf profile -m ""/models/deepseek-ai/DeepSeek-R1-Distill-Llama-8B"" --tokenizer ""/models/deepseek-ai/DeepSeek-R1-Distill-Llama-8B"" --endpoint-type ""chat"" --streaming -u ""http://127.0.0.1:8005"" --synthetic-input-tokens-mean 5000 --synthetic-input-tokens-stddev 0 --concurrency 410 --output-tokens-mean 100 --request-count 820 --extra-inputs ""max_tokens:100"" --extra-inputs ""min_tokens:100"" --extra-inputs ""ignore_eos:true"" --artifact-dir ""/workspace/cjworkspace/temp/sglangv2/disagg/disagg3p1d_isl5000_osl100/c410""",5002.0,5000.0,5000.0,5000.0,5000.0,5002.0,0.21951219512195125,21.759230142657135,329.017247,1.113736,21.483836999999998,25.045980999999998,26.14014,29.5843355999999,8.867368783165169,1.7630954861496522e+18,1.7630954554423985e+18,101.0,99.0,100.0,100.0,100.0,100.0,0.11032373539413311,820.0,2025-11-13T20:44:15.414045,37.095396263414635,53.225573,3.5821609999999997,41.307198,47.4495592,48.4048818,50.01539299,10.295306058219762,4100020.0,81996.0,81996.0,False
420,3p1d,5000.005952380952,99.99642857142857,10365.90016647857,963.079217,15714.796831,12290.772944499999,13230.040292399999,14182.632257849997,15004.40896682,3703.6115915680452,21.890162829399923,11.022542171717172,25.264591626262625,22.57108208080808,23.72802513838384,23.847813524747476,24.179073895858586,2.3905560596135804,12532.960551676191,2054.310892,18010.387388,14505.904816499999,15478.614063799998,16356.768579949994,17256.20764779,3868.051618817139,26.563391801842997,2656.2443109278643,46.464148848507016,39.58108703251299,90.72317296874652,44.304477588215725,54.33920127512838,62.292341088167454,83.05540453678708,7.320486062190287,99.99642857142857,99.0,102.0,100.0,100.0,100.0,100.0,0.13358288720903602,31.622467728000004,2025-11-13T20:45:31.545486,0,"aiperf profile -m ""/models/deepseek-ai/DeepSeek-R1-Distill-Llama-8B"" --tokenizer ""/models/deepseek-ai/DeepSeek-R1-Distill-Llama-8B"" --endpoint-type ""chat"" --streaming -u ""http://127.0.0.1:8005"" --synthetic-input-tokens-mean 5000 --synthetic-input-tokens-stddev 0 --concurrency 420 --output-tokens-mean 100 --request-count 840 --extra-inputs ""max_tokens:100"" --extra-inputs ""min_tokens:100"" --extra-inputs ""ignore_eos:true"" --artifact-dir ""/workspace/cjworkspace/temp/sglangv2/disagg/disagg3p1d_isl5000_osl100/c420""",5001.0,5000.0,5000.0,5000.0,5000.0,5000.0,0.07692171418642908,22.004602279431854,283.382605,0.009354,21.965408,25.6853438,26.906600400000002,30.164364759999867,7.68498286172594,1.7630955315437386e+18,1.763095499921271e+18,102.0,99.0,100.0,100.0,100.0,100.0,0.13358288720903602,840.0,2025-11-13T20:44:59.891770,37.11410824523809,62.651086,0.14082,41.3239825,48.3562884,49.403258099999995,51.44381069,10.90107102525281,4200005.0,83997.0,83997.0,False
430,3p1d,5000.022093023255,99.99651162790698,10769.033972490697,643.5758569999999,16405.072928999998,12786.7886945,13764.9318821,14709.912115,15808.050784709994,3890.2768055080187,21.06508020079838,7.96299811111111,23.864147929292926,21.673362924242422,22.871887814141413,23.163365218686867,23.388451335454544,2.300313032096085,12854.409905948836,1431.91267,18668.363636,14959.064413999999,15923.2833271,16753.760216699997,17976.575523599993,4021.378529327844,26.344624541518062,2634.3705542987545,48.30862597699696,41.9038636100857,125.58084104084581,46.13959424625817,52.45185884538853,64.43256101867384,82.1735369371496,7.933879975722157,99.99651162790698,99.0,101.0,100.0,100.0,100.0,100.0,0.10223965737036868,32.644230653,2025-11-13T20:46:17.909355,0,"aiperf profile -m ""/models/deepseek-ai/DeepSeek-R1-Distill-Llama-8B"" --tokenizer ""/models/deepseek-ai/DeepSeek-R1-Distill-Llama-8B"" --endpoint-type ""chat"" --streaming -u ""http://127.0.0.1:8005"" --synthetic-input-tokens-mean 5000 --synthetic-input-tokens-stddev 0 --concurrency 430 --output-tokens-mean 100 --request-count 860 --extra-inputs ""max_tokens:100"" --extra-inputs ""min_tokens:100"" --extra-inputs ""ignore_eos:true"" --artifact-dir ""/workspace/cjworkspace/temp/sglangv2/disagg/disagg3p1d_isl5000_osl100/c430""",5001.0,5000.0,5000.0,5000.0,5000.0,5001.0,0.14698612716590642,21.318299964030146,339.260153,0.09045099999999999,20.882171,24.533126499999998,25.7036005,29.994911249999998,11.64287118590056,1.76309557790745e+18,1.7630955452632195e+18,101.0,99.0,100.0,100.0,100.0,100.0,0.10223965737036868,860.0,2025-11-13T20:45:45.234922,36.55971596744185,55.013735999999994,0.09045099999999999,40.361534999999996,46.475730899999995,47.71623645,49.90421343,9.906330638949585,4300019.0,85997.0,85997.0,False
440,3p1d,5000.017045454545,99.99659090909091,10881.524308785227,717.6104799999999,16467.101862,12997.0065045,13933.4753109,14455.767517349996,15971.537360889999,3934.640749053286,21.123886321799677,8.885052090909092,24.177876323232322,21.487467232323233,22.896459918181822,23.306821020202023,23.880613249696967,2.155285903998432,12972.711913092044,1597.230637,18725.851953999998,15090.3558695,16085.2782381,16751.7098963,18056.50860872,4040.7742960419214,26.61556716907043,2661.4659820189668,48.04550292891747,41.3601255391942,112.54858044368348,46.538756261074255,53.1163536936033,61.15035455820537,82.54486181935101,7.121303717307968,99.99659090909091,98.0,101.0,100.0,100.0,100.0,100.0,0.13894804754783482,33.063357035,2025-11-13T20:47:04.609752,0,"aiperf profile -m ""/models/deepseek-ai/DeepSeek-R1-Distill-Llama-8B"" --tokenizer ""/models/deepseek-ai/DeepSeek-R1-Distill-Llama-8B"" --endpoint-type ""chat"" --streaming -u ""http://127.0.0.1:8005"" --synthetic-input-tokens-mean 5000 --synthetic-input-tokens-stddev 0 --concurrency 440 --output-tokens-mean 100 --request-count 880 --extra-inputs ""max_tokens:100"" --extra-inputs ""min_tokens:100"" --extra-inputs ""ignore_eos:true"" --artifact-dir ""/workspace/cjworkspace/temp/sglangv2/disagg/disagg3p1d_isl5000_osl100/c440""",5001.0,5000.0,5000.0,5000.0,5000.0,5001.0,0.12944074715789225,21.241358478559473,323.440501,0.050818999999999996,20.895595999999998,24.4698874,25.6563271,32.08755196000004,8.244983698401164,1.763095624606988e+18,1.763095591543631e+18,101.0,98.0,100.0,100.0,100.0,100.0,0.13894804754783482,880.0,2025-11-13T20:46:31.513644,38.13832441590909,323.440501,2.761252,40.9504095,46.4254384,47.77379994999999,50.34373959,19.183974032977037,4400015.0,87997.0,87997.0,False
450,3p1d,5000.021111111111,99.98555555555555,11594.078951458889,672.175812,17869.719485999998,13840.2557745,14860.596374399998,15938.000832299995,17576.26088223,4253.871842517296,20.958338415727887,8.030217757575757,25.841134181818184,21.573365808080805,23.43164583636364,23.691691985353533,25.023113270808082,2.626011856902321,13668.656196333333,1467.16737,20122.602636,16054.119858999999,16946.1100602,17712.068803399998,19816.987702489998,4394.012722959038,26.094124412830723,2609.0355261526647,48.69437667697585,38.69799185144125,124.52962425042504,46.353453285780375,59.9428201299579,65.26322123457477,80.42228176560906,8.085967351847236,99.98555555555555,97.0,101.0,100.0,100.0,100.0,100.0,0.18502919355911326,34.490523068,2025-11-13T20:47:52.805253,0,"aiperf profile -m ""/models/deepseek-ai/DeepSeek-R1-Distill-Llama-8B"" --tokenizer ""/models/deepseek-ai/DeepSeek-R1-Distill-Llama-8B"" --endpoint-type ""chat"" --streaming -u ""http://127.0.0.1:8005"" --synthetic-input-tokens-mean 5000 --synthetic-input-tokens-stddev 0 --concurrency 450 --output-tokens-mean 100 --request-count 900 --extra-inputs ""max_tokens:100"" --extra-inputs ""min_tokens:100"" --extra-inputs ""ignore_eos:true"" --artifact-dir ""/workspace/cjworkspace/temp/sglangv2/disagg/disagg3p1d_isl5000_osl100/c450""",5001.0,5000.0,5000.0,5000.0,5000.0,5001.0,0.14375476374285978,21.170595736524024,328.88928,0.007418999999999999,20.907687499999998,24.807361099999998,26.017379199999993,32.543240229999526,10.521436417303416,1.7630956728033198e+18,1.7630956383127967e+18,101.0,97.0,100.0,100.0,100.0,100.0,0.18502919355911326,900.0,2025-11-13T20:47:18.282851,37.47870704333334,328.88928,2.125023,40.0776725,47.4612077,48.8343978,51.743266799999994,19.251391670548305,4500019.0,89987.0,89987.0,False
460,3p1d,5000.022826086956,99.99130434782609,11572.347784659782,749.232049,17608.020215,13744.932864499999,14808.3373868,15596.525950949996,17133.782851459997,4169.879036746487,21.244895442555304,9.310666191919193,24.246529757575757,21.973889060606062,23.1653742020202,23.615942198495155,23.79329133292929,2.2836910176433465,13675.395861426086,1670.9880019999998,19822.486562,15912.504288,16994.1160524,17772.221230199997,19260.950474539997,4315.943469521363,26.550210910262372,2654.7902196270174,47.83967737127755,41.24301539223578,107.40370016357247,45.5085588897809,52.25839524067663,61.958862876253484,80.97622005556863,7.372811110051411,99.99130434782609,99.0,101.0,100.0,100.0,100.0,100.0,0.14718531199835444,34.651325487,2025-11-13T20:48:41.136925,0,"aiperf profile -m ""/models/deepseek-ai/DeepSeek-R1-Distill-Llama-8B"" --tokenizer ""/models/deepseek-ai/DeepSeek-R1-Distill-Llama-8B"" --endpoint-type ""chat"" --streaming -u ""http://127.0.0.1:8005"" --synthetic-input-tokens-mean 5000 --synthetic-input-tokens-stddev 0 --concurrency 460 --output-tokens-mean 100 --request-count 920 --extra-inputs ""max_tokens:100"" --extra-inputs ""min_tokens:100"" --extra-inputs ""ignore_eos:true"" --artifact-dir ""/workspace/cjworkspace/temp/sglangv2/disagg/disagg3p1d_isl5000_osl100/c460""",5001.0,5000.0,5000.0,5000.0,5000.0,5001.0,0.14934877539094538,21.468008106796116,318.29270299999996,0.5730419999999999,21.058194,24.7920966,25.9913446,32.65156047999974,10.309214056115842,1.7630957211344604e+18,1.7630956864831347e+18,101.0,99.0,100.0,100.0,100.0,100.0,0.14718531199835444,920.0,2025-11-13T20:48:06.453141,38.43070551521739,318.29270299999996,2.623221,41.189738,46.9370117,48.4830524,50.174633789999994,18.650499800456746,4600021.0,91992.0,91992.0,False
470,3p1d,5000.004255319149,99.99574468085106,11687.11895891702,637.2715989999999,17065.696212,13935.657964999999,14942.0060371,15644.923109949998,16768.51875643,4251.507411896207,21.20822971399234,4.230413151515151,25.512779878787878,21.786091095959595,23.382355594949495,23.637652408585858,24.237678049090906,2.525233310602763,13786.641321296807,1091.888217,19399.705856,16081.4012845,17132.537608,17993.4671847,19131.99001913,4396.042444123255,26.61288847184118,2661.175600850195,48.35977179758109,39.19604232667061,236.3835313914536,45.90084549991127,54.06199778156286,64.64666982246295,84.18198628599285,11.769402232168797,99.99574468085106,99.0,101.0,100.0,100.0,100.0,100.0,0.10305430670904114,35.321231703,2025-11-13T20:49:30.049940,0,"aiperf profile -m ""/models/deepseek-ai/DeepSeek-R1-Distill-Llama-8B"" --tokenizer ""/models/deepseek-ai/DeepSeek-R1-Distill-Llama-8B"" --endpoint-type ""chat"" --streaming -u ""http://127.0.0.1:8005"" --synthetic-input-tokens-mean 5000 --synthetic-input-tokens-stddev 0 --concurrency 470 --output-tokens-mean 100 --request-count 940 --extra-inputs ""max_tokens:100"" --extra-inputs ""min_tokens:100"" --extra-inputs ""ignore_eos:true"" --artifact-dir ""/workspace/cjworkspace/temp/sglangv2/disagg/disagg3p1d_isl5000_osl100/c470""",5001.0,5000.0,5000.0,5000.0,5000.0,5000.0,0.06509386613097172,21.324851379698963,289.58901,0.009063,21.082618,24.7026254,25.873946999999998,29.872766759999937,7.870343122364069,1.7630957700454935e+18,1.763095734724262e+18,101.0,99.0,100.0,100.0,100.0,100.0,0.10305430670904114,940.0,2025-11-13T20:48:54.692451,37.64777809148936,289.58901,0.147593,40.9765375,46.7397284,48.127474199999995,50.287149480000004,12.62908940870681,4700004.0,93996.0,93996.0,False
480,3p1d,5000.014583333334,99.996875,12000.25767004375,1013.025169,17638.316479999998,14521.667745499999,15335.356605299998,15918.4870605,17234.443979749998,4467.854692700397,21.071871753046814,3.764104404040404,27.986398979797976,21.485384010101008,22.848983215151513,23.12634111262626,25.764814085656546,2.348501319217085,14086.284188806248,1385.671505,19943.151405,16641.009796,17589.5650747,18205.095134649997,19491.1383972,4593.743254538691,26.57266195553133,2657.1831559845223,48.593672436369964,35.73164238535481,265.6674450704917,46.543268659377475,53.318344246945344,60.69710800572958,78.02702506368445,12.523219147642232,99.996875,99.0,102.0,100.0,100.0,100.0,100.0,0.1796716478514812,36.127355310000006,2025-11-13T20:50:20.002679,0,"aiperf profile -m ""/models/deepseek-ai/DeepSeek-R1-Distill-Llama-8B"" --tokenizer ""/models/deepseek-ai/DeepSeek-R1-Distill-Llama-8B"" --endpoint-type ""chat"" --streaming -u ""http://127.0.0.1:8005"" --synthetic-input-tokens-mean 5000 --synthetic-input-tokens-stddev 0 --concurrency 480 --output-tokens-mean 100 --request-count 960 --extra-inputs ""max_tokens:100"" --extra-inputs ""min_tokens:100"" --extra-inputs ""ignore_eos:true"" --artifact-dir ""/workspace/cjworkspace/temp/sglangv2/disagg/disagg3p1d_isl5000_osl100/c480""",5001.0,5000.0,5000.0,5000.0,5000.0,5001.0,0.11987768650679835,21.324063570278557,552.125365,0.012853,20.788572,24.587586100000003,25.928751849999998,31.43190063999993,13.834750308826449,1.7630958200007286e+18,1.7630957838733734e+18,102.0,99.0,100.0,100.0,100.0,100.0,0.1796716478514812,960.0,2025-11-13T20:49:43.840954,38.858877210416665,552.125365,0.35308799999999996,40.653169999999996,46.5384762,48.158575649999996,51.45071455999999,34.63544724689095,4800014.0,95997.0,95997.0,False
490,3p1d,5000.012244897959,100.00204081632653,12618.882203193878,904.6931149999999,18930.200914,15054.514323,16282.804127399999,17023.570657149998,18270.177133110003,4593.169094988554,20.750898226674494,10.018418636363636,23.376424737373735,20.91717436868687,22.75636544848485,22.919402764646463,23.054598343838382,2.132715720583282,14673.253632330612,1896.51656,20999.933644999997,17132.3726015,18352.101678900002,19088.892569,20333.51473793,4699.643086403773,26.012149456796454,2601.268031698945,48.88836366261059,42.778141278431725,99.81615225883272,47.80760503859125,53.46265921479529,62.51533782652099,81.70407955755273,6.982223702206841,100.00204081632653,98.0,102.0,100.0,100.0,100.0,100.0,0.142842564853854,37.674702801,2025-11-13T20:51:11.803439,0,"aiperf profile -m ""/models/deepseek-ai/DeepSeek-R1-Distill-Llama-8B"" --tokenizer ""/models/deepseek-ai/DeepSeek-R1-Distill-Llama-8B"" --endpoint-type ""chat"" --streaming -u ""http://127.0.0.1:8005"" --synthetic-input-tokens-mean 5000 --synthetic-input-tokens-stddev 0 --concurrency 490 --output-tokens-mean 100 --request-count 980 --extra-inputs ""max_tokens:100"" --extra-inputs ""min_tokens:100"" --extra-inputs ""ignore_eos:true"" --artifact-dir ""/workspace/cjworkspace/temp/sglangv2/disagg/disagg3p1d_isl5000_osl100/c490""",5001.0,5000.0,5000.0,5000.0,5000.0,5001.0,0.10997709049230595,20.956645749971376,310.00820799999997,0.456325,20.488867,24.2907088,25.417397999999995,30.996459439999846,9.369228254385703,1.7630958718015132e+18,1.7630958341268104e+18,102.0,98.0,100.0,100.0,100.0,100.0,0.142842564853854,980.0,2025-11-13T20:50:34.094767,39.31335029387755,310.00820799999997,2.9691479999999997,40.0922325,46.3890305,48.168839,266.08672691000004,29.16357327958419,4900012.0,98002.0,98002.0,False
500,3p1d,5000.031,100.004,12693.107627406,735.628797,18715.295771999998,15225.841424999999,16144.397832399998,16922.2305876,18247.020169309995,4606.70963488065,20.883233422589903,4.8402446464646465,23.835706525252522,21.267804363636362,22.926181117171716,23.22187321313131,23.797456692929288,2.2510441515677395,14760.623381107998,1214.813017,20932.604898999998,17336.5603135,18311.175375900002,19123.946174049997,20432.72653504,4745.501123392865,26.557513303320825,2655.8575603852955,48.833311397644984,41.95386442355123,206.60112722409764,47.01942820463466,54.6787822659272,62.28913147194667,82.6585691842824,10.140988679809103,100.004,99.0,101.0,100.0,100.0,100.0,101.0,0.1548676854608475,37.654127801,2025-11-13T20:52:03.248693,0,"aiperf profile -m ""/models/deepseek-ai/DeepSeek-R1-Distill-Llama-8B"" --tokenizer ""/models/deepseek-ai/DeepSeek-R1-Distill-Llama-8B"" --endpoint-type ""chat"" --streaming -u ""http://127.0.0.1:8005"" --synthetic-input-tokens-mean 5000 --synthetic-input-tokens-stddev 0 --concurrency 500 --output-tokens-mean 100 --request-count 1000 --extra-inputs ""max_tokens:100"" --extra-inputs ""min_tokens:100"" --extra-inputs ""ignore_eos:true"" --artifact-dir ""/workspace/cjworkspace/temp/sglangv2/disagg/disagg3p1d_isl5000_osl100/c500""",5001.0,5000.0,5000.0,5000.0,5000.0,5001.0,0.17331762749357035,21.13484031384615,348.00717099999997,0.097814,20.676651,24.306851199999997,25.4851262,32.47695699999818,11.10066614274641,1.7630959232455724e+18,1.7630958855914447e+18,101.0,99.0,100.0,100.0,100.0,101.0,0.1548676854608475,1000.0,2025-11-13T20:51:25.558440,37.443637033,348.00717099999997,0.15456599999999998,40.7079745,45.7285336,47.80128989999999,50.347714729999986,16.948449064667074,5000031.0,100004.0,100004.0,False
